,index,regionid,regionname,sizerank,tier,date,income,zri,percentincomespentonrent,state
0,0,394913,"New York, NY",1,Bottom Tier,2011-12-31,19250.0,1503,0.936935064935065,NY
1,1,394913,"New York, NY",1,Upper Tier,2011-12-31,152000.0,2908,0.229578947368421,NY
2,2,394913,"New York, NY",1,Bottom Tier,2012-03-31,19375.0,1514,0.9377032258064516,NY
3,3,394913,"New York, NY",1,Upper Tier,2012-03-31,153000.0,2978,0.2335686274509804,NY
4,4,394913,"New York, NY",1,Bottom Tier,2012-06-30,19500.0,1526,0.939076923076923,NY
5,5,394913,"New York, NY",1,Upper Tier,2012-06-30,154000.0,3042,0.237038961038961,NY
6,6,394913,"New York, NY",1,Bottom Tier,2012-09-30,19625.0,1542,0.9428789808917196,NY
7,7,394913,"New York, NY",1,Upper Tier,2012-09-30,155150.0,3096,0.2394585884627779,NY
8,8,394913,"New York, NY",1,Bottom Tier,2012-12-31,19750.0,1563,0.9496708860759494,NY
9,9,394913,"New York, NY",1,Upper Tier,2012-12-31,156300.0,3133,0.2405374280230326,NY
10,10,394913,"New York, NY",1,Bottom Tier,2013-03-31,19875.0,1585,0.9569811320754718,NY
11,11,394913,"New York, NY",1,Upper Tier,2013-03-31,157450.0,3160,0.2408383613845665,NY
12,12,394913,"New York, NY",1,Bottom Tier,2013-06-30,20000.0,1610,0.966,NY
13,13,394913,"New York, NY",1,Upper Tier,2013-06-30,158600.0,3175,0.2402269861286254,NY
14,14,394913,"New York, NY",1,Bottom Tier,2013-09-30,20000.0,1634,0.9804,NY
15,15,394913,"New York, NY",1,Upper Tier,2013-09-30,160075.0,3186,0.2388380446665625,NY
16,16,394913,"New York, NY",1,Bottom Tier,2013-12-31,20000.0,1653,0.9918,NY
17,17,394913,"New York, NY",1,Upper Tier,2013-12-31,161550.0,3202,0.2378458681522748,NY
18,18,394913,"New York, NY",1,Bottom Tier,2014-03-31,20000.0,1669,1.0014,NY
19,19,394913,"New York, NY",1,Upper Tier,2014-03-31,163025.0,3231,0.2378285539027756,NY
20,20,394913,"New York, NY",1,Bottom Tier,2014-06-30,20000.0,1689,1.0134,NY
21,21,394913,"New York, NY",1,Upper Tier,2014-06-30,164500.0,3288,0.239854103343465,NY
22,22,394913,"New York, NY",1,Bottom Tier,2014-09-30,20092.5,1712,1.0224710712952594,NY
23,23,394913,"New York, NY",1,Upper Tier,2014-09-30,166309.5,3364,0.2427281664607253,NY
24,24,394913,"New York, NY",1,Bottom Tier,2014-12-31,20185.0,1741,1.0350260094129304,NY
25,25,394913,"New York, NY",1,Upper Tier,2014-12-31,168119.0,3447,0.2460400073757279,NY
26,26,394913,"New York, NY",1,Bottom Tier,2015-03-31,20277.5,1780,1.0533842929355195,NY
27,27,394913,"New York, NY",1,Upper Tier,2015-03-31,169928.5,3491,0.2465272158584345,NY
28,28,394913,"New York, NY",1,Bottom Tier,2015-06-30,20370.0,1823,1.0739322533136966,NY
29,29,394913,"New York, NY",1,Upper Tier,2015-06-30,171738.0,3449,0.2409950040177479,NY
30,30,394913,"New York, NY",1,Bottom Tier,2015-09-30,20462.5,1866,1.0942944410507025,NY
31,31,394913,"New York, NY",1,Upper Tier,2015-09-30,173547.5,3376,0.233434650455927,NY
32,32,394913,"New York, NY",1,Bottom Tier,2015-12-31,20555.0,1905,1.1121381658963756,NY
33,33,394913,"New York, NY",1,Upper Tier,2015-12-31,175357.0,3309,0.2264409176708087,NY
34,34,394913,"New York, NY",1,Bottom Tier,2016-03-31,20647.5,1927,1.1199418815837268,NY
35,35,394913,"New York, NY",1,Upper Tier,2016-03-31,177166.5,3262,0.2209447045575772,NY
36,36,394913,"New York, NY",1,Bottom Tier,2016-06-30,20740.0,1932,1.1178399228543876,NY
37,37,394913,"New York, NY",1,Upper Tier,2016-06-30,178976.0,3256,0.2183086000357589,NY
38,38,753899,"Los Angeles-Long Beach-Anaheim, CA",2,Bottom Tier,2010-12-31,18850.0,1197,0.7620159151193634,CA
39,39,753899,"Los Angeles-Long Beach-Anaheim, CA",2,Upper Tier,2010-12-31,130900.0,2175,0.1993888464476699,CA
40,40,753899,"Los Angeles-Long Beach-Anaheim, CA",2,Bottom Tier,2011-03-31,18975.0,1202,0.7601581027667984,CA
41,41,753899,"Los Angeles-Long Beach-Anaheim, CA",2,Upper Tier,2011-03-31,131950.0,2147,0.1952557787040545,CA
42,42,753899,"Los Angeles-Long Beach-Anaheim, CA",2,Bottom Tier,2011-06-30,19100.0,1209,0.7595811518324608,CA
43,43,753899,"Los Angeles-Long Beach-Anaheim, CA",2,Upper Tier,2011-06-30,133000.0,2122,0.1914586466165413,CA
44,44,753899,"Los Angeles-Long Beach-Anaheim, CA",2,Bottom Tier,2011-09-30,19100.0,1216,0.763979057591623,CA
45,45,753899,"Los Angeles-Long Beach-Anaheim, CA",2,Upper Tier,2011-09-30,134000.0,2099,0.1879701492537313,CA
46,46,753899,"Los Angeles-Long Beach-Anaheim, CA",2,Bottom Tier,2011-12-31,19100.0,1235,0.7759162303664922,CA
47,47,753899,"Los Angeles-Long Beach-Anaheim, CA",2,Upper Tier,2011-12-31,135000.0,2107,0.1872888888888889,CA
48,48,753899,"Los Angeles-Long Beach-Anaheim, CA",2,Bottom Tier,2012-03-31,19100.0,1259,0.7909947643979057,CA
49,49,753899,"Los Angeles-Long Beach-Anaheim, CA",2,Upper Tier,2012-03-31,136000.0,2122,0.187235294117647,CA
50,50,753899,"Los Angeles-Long Beach-Anaheim, CA",2,Bottom Tier,2012-06-30,19100.0,1284,0.8067015706806283,CA
51,51,753899,"Los Angeles-Long Beach-Anaheim, CA",2,Upper Tier,2012-06-30,137000.0,2140,0.1874452554744525,CA
52,52,753899,"Los Angeles-Long Beach-Anaheim, CA",2,Bottom Tier,2012-09-30,19325.0,1308,0.8122121604139715,CA
53,53,753899,"Los Angeles-Long Beach-Anaheim, CA",2,Upper Tier,2012-09-30,137750.0,2156,0.1878185117967332,CA
54,54,753899,"Los Angeles-Long Beach-Anaheim, CA",2,Bottom Tier,2012-12-31,19550.0,1328,0.8151406649616368,CA
55,55,753899,"Los Angeles-Long Beach-Anaheim, CA",2,Upper Tier,2012-12-31,138500.0,2170,0.188014440433213,CA
56,56,753899,"Los Angeles-Long Beach-Anaheim, CA",2,Bottom Tier,2013-03-31,19775.0,1347,0.8173957016434893,CA
57,57,753899,"Los Angeles-Long Beach-Anaheim, CA",2,Upper Tier,2013-03-31,139250.0,2191,0.1888114901256732,CA
58,58,753899,"Los Angeles-Long Beach-Anaheim, CA",2,Bottom Tier,2013-06-30,20000.0,1366,0.8196,CA
59,59,753899,"Los Angeles-Long Beach-Anaheim, CA",2,Upper Tier,2013-06-30,140000.0,2220,0.1902857142857142,CA
60,60,753899,"Los Angeles-Long Beach-Anaheim, CA",2,Bottom Tier,2013-09-30,20200.0,1380,0.8198019801980198,CA
61,61,753899,"Los Angeles-Long Beach-Anaheim, CA",2,Upper Tier,2013-09-30,141600.0,2251,0.1907627118644067,CA
62,62,753899,"Los Angeles-Long Beach-Anaheim, CA",2,Bottom Tier,2013-12-31,20400.0,1387,0.8158823529411765,CA
63,63,753899,"Los Angeles-Long Beach-Anaheim, CA",2,Upper Tier,2013-12-31,143200.0,2279,0.1909776536312849,CA
64,64,753899,"Los Angeles-Long Beach-Anaheim, CA",2,Bottom Tier,2014-03-31,20600.0,1393,0.8114563106796117,CA
65,65,753899,"Los Angeles-Long Beach-Anaheim, CA",2,Upper Tier,2014-03-31,144800.0,2317,0.1920165745856353,CA
66,66,753899,"Los Angeles-Long Beach-Anaheim, CA",2,Bottom Tier,2014-06-30,20800.0,1406,0.8111538461538461,CA
67,67,753899,"Los Angeles-Long Beach-Anaheim, CA",2,Upper Tier,2014-06-30,146400.0,2367,0.1940163934426229,CA
68,68,753899,"Los Angeles-Long Beach-Anaheim, CA",2,Bottom Tier,2014-09-30,20896.2,1429,0.8206276739311453,CA
69,69,753899,"Los Angeles-Long Beach-Anaheim, CA",2,Upper Tier,2014-09-30,148010.4,2425,0.1966078059379611,CA
70,70,753899,"Los Angeles-Long Beach-Anaheim, CA",2,Bottom Tier,2014-12-31,20992.4,1465,0.8374459328137802,CA
71,71,753899,"Los Angeles-Long Beach-Anaheim, CA",2,Upper Tier,2014-12-31,149620.8,2486,0.199384042860351,CA
72,72,753899,"Los Angeles-Long Beach-Anaheim, CA",2,Bottom Tier,2015-03-31,21088.6,1519,0.8643532524681582,CA
73,73,753899,"Los Angeles-Long Beach-Anaheim, CA",2,Upper Tier,2015-03-31,151231.2,2552,0.2024978972592956,CA
74,74,753899,"Los Angeles-Long Beach-Anaheim, CA",2,Bottom Tier,2015-06-30,21184.8,1591,0.9012121898719836,CA
75,75,753899,"Los Angeles-Long Beach-Anaheim, CA",2,Upper Tier,2015-06-30,152841.6,2630,0.2064882859116889,CA
76,76,753899,"Los Angeles-Long Beach-Anaheim, CA",2,Bottom Tier,2015-09-30,21281.0,1683,0.9490155537803676,CA
77,77,753899,"Los Angeles-Long Beach-Anaheim, CA",2,Upper Tier,2015-09-30,154452.0,2723,0.2115608732810193,CA
78,78,753899,"Los Angeles-Long Beach-Anaheim, CA",2,Bottom Tier,2015-12-31,21377.2,1791,1.005370207510806,CA
79,79,753899,"Los Angeles-Long Beach-Anaheim, CA",2,Upper Tier,2015-12-31,156062.4,2858,0.2197582505459354,CA
80,80,753899,"Los Angeles-Long Beach-Anaheim, CA",2,Bottom Tier,2016-03-31,21473.4,1878,1.0494844784710384,CA
81,81,753899,"Los Angeles-Long Beach-Anaheim, CA",2,Upper Tier,2016-03-31,157672.8,2970,0.2260377186172884,CA
82,82,753899,"Los Angeles-Long Beach-Anaheim, CA",2,Bottom Tier,2016-06-30,21569.6,1937,1.0776277724204435,CA
83,83,753899,"Los Angeles-Long Beach-Anaheim, CA",2,Upper Tier,2016-06-30,159283.2,3041,0.2291013741562198,CA
84,84,394463,"Chicago, IL",3,Bottom Tier,2010-12-31,19200.0,988,0.6175,IL
85,85,394463,"Chicago, IL",3,Upper Tier,2010-12-31,127500.0,1587,0.1493647058823529,IL
86,86,394463,"Chicago, IL",3,Bottom Tier,2011-03-31,19200.0,963,0.601875,IL
87,87,394463,"Chicago, IL",3,Upper Tier,2011-03-31,128750.0,1620,0.1509902912621359,IL
88,88,394463,"Chicago, IL",3,Bottom Tier,2011-06-30,19200.0,939,0.586875,IL
89,89,394463,"Chicago, IL",3,Upper Tier,2011-06-30,130000.0,1654,0.152676923076923,IL
90,90,394463,"Chicago, IL",3,Bottom Tier,2011-09-30,19400.0,916,0.5665979381443299,IL
91,91,394463,"Chicago, IL",3,Upper Tier,2011-09-30,130750.0,1688,0.1549216061185468,IL
92,92,394463,"Chicago, IL",3,Bottom Tier,2011-12-31,19600.0,908,0.5559183673469388,IL
93,93,394463,"Chicago, IL",3,Upper Tier,2011-12-31,131500.0,1723,0.1572319391634981,IL
94,94,394463,"Chicago, IL",3,Bottom Tier,2012-03-31,19800.0,914,0.553939393939394,IL
95,95,394463,"Chicago, IL",3,Upper Tier,2012-03-31,132250.0,1753,0.1590623818525519,IL
96,96,394463,"Chicago, IL",3,Bottom Tier,2012-06-30,20000.0,926,0.5556,IL
97,97,394463,"Chicago, IL",3,Upper Tier,2012-06-30,133000.0,1779,0.1605112781954887,IL
98,98,394463,"Chicago, IL",3,Bottom Tier,2012-09-30,20100.0,938,0.56,IL
99,99,394463,"Chicago, IL",3,Upper Tier,2012-09-30,134075.0,1803,0.1613723662129405,IL
100,100,394463,"Chicago, IL",3,Bottom Tier,2012-12-31,20200.0,951,0.5649504950495049,IL
101,101,394463,"Chicago, IL",3,Upper Tier,2012-12-31,135150.0,1832,0.1626637069922308,IL
102,102,394463,"Chicago, IL",3,Bottom Tier,2013-03-31,20300.0,964,0.5698522167487685,IL
103,103,394463,"Chicago, IL",3,Upper Tier,2013-03-31,136225.0,1861,0.1639346669113598,IL
104,104,394463,"Chicago, IL",3,Bottom Tier,2013-06-30,20400.0,980,0.5764705882352941,IL
105,105,394463,"Chicago, IL",3,Upper Tier,2013-06-30,137300.0,1882,0.1644865258557902,IL
106,106,394463,"Chicago, IL",3,Bottom Tier,2013-09-30,20550.0,995,0.581021897810219,IL
107,107,394463,"Chicago, IL",3,Upper Tier,2013-09-30,138725.0,1899,0.1642674355739773,IL
108,108,394463,"Chicago, IL",3,Bottom Tier,2013-12-31,20700.0,1007,0.5837681159420289,IL
109,109,394463,"Chicago, IL",3,Upper Tier,2013-12-31,140150.0,1910,0.1635390652871922,IL
110,110,394463,"Chicago, IL",3,Bottom Tier,2014-03-31,20850.0,1015,0.5841726618705037,IL
111,111,394463,"Chicago, IL",3,Upper Tier,2014-03-31,141575.0,1925,0.1631644004944376,IL
112,112,394463,"Chicago, IL",3,Bottom Tier,2014-06-30,21000.0,1027,0.5868571428571429,IL
113,113,394463,"Chicago, IL",3,Upper Tier,2014-06-30,143000.0,1947,0.1633846153846153,IL
114,114,394463,"Chicago, IL",3,Bottom Tier,2014-09-30,21097.125,1043,0.5932561901206918,IL
115,115,394463,"Chicago, IL",3,Upper Tier,2014-09-30,144573.0,1971,0.1635990122637007,IL
116,116,394463,"Chicago, IL",3,Bottom Tier,2014-12-31,21194.25,1058,0.59903039739552,IL
117,117,394463,"Chicago, IL",3,Upper Tier,2014-12-31,146146.0,1982,0.1627413682208202,IL
118,118,394463,"Chicago, IL",3,Bottom Tier,2015-03-31,21291.375,1073,0.6047519241946563,IL
119,119,394463,"Chicago, IL",3,Upper Tier,2015-03-31,147719.0,1977,0.1606022244938024,IL
120,120,394463,"Chicago, IL",3,Bottom Tier,2015-06-30,21388.5,1086,0.6092993898590364,IL
121,121,394463,"Chicago, IL",3,Upper Tier,2015-06-30,149292.0,1967,0.1581062615545374,IL
122,122,394463,"Chicago, IL",3,Bottom Tier,2015-09-30,21485.625,1097,0.6126887162928703,IL
123,123,394463,"Chicago, IL",3,Upper Tier,2015-09-30,150865.0,1956,0.1555828058197726,IL
124,124,394463,"Chicago, IL",3,Bottom Tier,2015-12-31,21582.75,1118,0.6216075337943496,IL
125,125,394463,"Chicago, IL",3,Upper Tier,2015-12-31,152438.0,1949,0.15342631102481,IL
126,126,394463,"Chicago, IL",3,Bottom Tier,2016-03-31,21679.875,1142,0.6321069655613789,IL
127,127,394463,"Chicago, IL",3,Upper Tier,2016-03-31,154011.0,1940,0.1511580341663907,IL
128,128,394463,"Chicago, IL",3,Bottom Tier,2016-06-30,21777.0,1167,0.6430637828902053,IL
129,129,394463,"Chicago, IL",3,Upper Tier,2016-06-30,155584.0,1908,0.1471616618675442,IL
130,130,394514,"Dallas-Fort Worth, TX",4,Bottom Tier,2010-12-31,20345.0,799,0.4712705824526911,TX
131,131,394514,"Dallas-Fort Worth, TX",4,Upper Tier,2010-12-31,121300.0,1280,0.1266281945589447,TX
132,132,394514,"Dallas-Fort Worth, TX",4,Bottom Tier,2011-03-31,20467.5,781,0.457896665445218,TX
133,133,394514,"Dallas-Fort Worth, TX",4,Upper Tier,2011-03-31,122100.0,1289,0.1266830466830467,TX
134,134,394514,"Dallas-Fort Worth, TX",4,Bottom Tier,2011-06-30,20590.0,762,0.4440990772219524,TX
135,135,394514,"Dallas-Fort Worth, TX",4,Upper Tier,2011-06-30,122900.0,1299,0.1268348250610252,TX
136,136,394514,"Dallas-Fort Worth, TX",4,Bottom Tier,2011-09-30,20692.5,744,0.4314606741573034,TX
137,137,394514,"Dallas-Fort Worth, TX",4,Upper Tier,2011-09-30,124175.0,1309,0.1264988926917656,TX
138,138,394514,"Dallas-Fort Worth, TX",4,Bottom Tier,2011-12-31,20795.0,727,0.4195239240201971,TX
139,139,394514,"Dallas-Fort Worth, TX",4,Upper Tier,2011-12-31,125450.0,1323,0.1265524113192506,TX
140,140,394514,"Dallas-Fort Worth, TX",4,Bottom Tier,2012-03-31,20897.5,715,0.4105754276827372,TX
141,141,394514,"Dallas-Fort Worth, TX",4,Upper Tier,2012-03-31,126725.0,1342,0.1270783191951075,TX
142,142,394514,"Dallas-Fort Worth, TX",4,Bottom Tier,2012-06-30,21000.0,713,0.4074285714285714,TX
143,143,394514,"Dallas-Fort Worth, TX",4,Upper Tier,2012-06-30,128000.0,1361,0.12759375,TX
144,144,394514,"Dallas-Fort Worth, TX",4,Bottom Tier,2012-09-30,21000.0,720,0.4114285714285714,TX
145,145,394514,"Dallas-Fort Worth, TX",4,Upper Tier,2012-09-30,129000.0,1379,0.1282790697674418,TX
146,146,394514,"Dallas-Fort Worth, TX",4,Bottom Tier,2012-12-31,21000.0,727,0.4154285714285714,TX
147,147,394514,"Dallas-Fort Worth, TX",4,Upper Tier,2012-12-31,130000.0,1398,0.1290461538461538,TX
148,148,394514,"Dallas-Fort Worth, TX",4,Bottom Tier,2013-03-31,21000.0,734,0.4194285714285714,TX
149,149,394514,"Dallas-Fort Worth, TX",4,Upper Tier,2013-03-31,131000.0,1416,0.1297099236641221,TX
150,150,394514,"Dallas-Fort Worth, TX",4,Bottom Tier,2013-06-30,21000.0,751,0.4291428571428571,TX
151,151,394514,"Dallas-Fort Worth, TX",4,Upper Tier,2013-06-30,132000.0,1436,0.1305454545454545,TX
152,152,394514,"Dallas-Fort Worth, TX",4,Bottom Tier,2013-09-30,21600.0,776,0.4311111111111111,TX
153,153,394514,"Dallas-Fort Worth, TX",4,Upper Tier,2013-09-30,133000.0,1456,0.1313684210526315,TX
154,154,394514,"Dallas-Fort Worth, TX",4,Bottom Tier,2013-12-31,22200.0,802,0.4335135135135135,TX
155,155,394514,"Dallas-Fort Worth, TX",4,Upper Tier,2013-12-31,134000.0,1474,0.132,TX
156,156,394514,"Dallas-Fort Worth, TX",4,Bottom Tier,2014-03-31,22800.0,823,0.4331578947368421,TX
157,157,394514,"Dallas-Fort Worth, TX",4,Upper Tier,2014-03-31,135000.0,1492,0.1326222222222222,TX
158,158,394514,"Dallas-Fort Worth, TX",4,Bottom Tier,2014-06-30,23400.0,836,0.4287179487179487,TX
159,159,394514,"Dallas-Fort Worth, TX",4,Upper Tier,2014-06-30,136000.0,1511,0.1333235294117647,TX
160,160,394514,"Dallas-Fort Worth, TX",4,Bottom Tier,2014-09-30,23508.225,842,0.4298070143534869,TX
161,161,394514,"Dallas-Fort Worth, TX",4,Upper Tier,2014-09-30,137496.0,1531,0.1336184325362192,TX
162,162,394514,"Dallas-Fort Worth, TX",4,Bottom Tier,2014-12-31,23616.45,850,0.4319023392592874,TX
163,163,394514,"Dallas-Fort Worth, TX",4,Upper Tier,2014-12-31,138992.0,1553,0.1340796592609646,TX
164,164,394514,"Dallas-Fort Worth, TX",4,Bottom Tier,2015-03-31,23724.675,863,0.4365075601667884,TX
165,165,394514,"Dallas-Fort Worth, TX",4,Upper Tier,2015-03-31,140488.0,1571,0.1341893969591709,TX
166,166,394514,"Dallas-Fort Worth, TX",4,Bottom Tier,2015-06-30,23832.9,877,0.4415744621930189,TX
167,167,394514,"Dallas-Fort Worth, TX",4,Upper Tier,2015-06-30,141984.0,1585,0.1339587559161595,TX
168,168,394514,"Dallas-Fort Worth, TX",4,Bottom Tier,2015-09-30,23941.125,900,0.4511066209294676,TX
169,169,394514,"Dallas-Fort Worth, TX",4,Upper Tier,2015-09-30,143480.0,1603,0.1340674658488988,TX
170,170,394514,"Dallas-Fort Worth, TX",4,Bottom Tier,2015-12-31,24049.35,934,0.466041701750775,TX
171,171,394514,"Dallas-Fort Worth, TX",4,Upper Tier,2015-12-31,144976.0,1632,0.1350844277673546,TX
172,172,394514,"Dallas-Fort Worth, TX",4,Bottom Tier,2016-03-31,24157.575,967,0.4803462268046358,TX
173,173,394514,"Dallas-Fort Worth, TX",4,Upper Tier,2016-03-31,146472.0,1657,0.1357529084057021,TX
174,174,394514,"Dallas-Fort Worth, TX",4,Bottom Tier,2016-06-30,24265.8,996,0.4925450634225948,TX
175,175,394514,"Dallas-Fort Worth, TX",4,Upper Tier,2016-06-30,147968.0,1673,0.1356779844290657,TX
176,176,394974,"Philadelphia, PA",5,Bottom Tier,2010-12-31,18950.0,857,0.5426912928759895,PA
177,177,394974,"Philadelphia, PA",5,Upper Tier,2010-12-31,131010.0,1537,0.140783146324708,PA
178,178,394974,"Philadelphia, PA",5,Bottom Tier,2011-03-31,18975.0,852,0.5388142292490119,PA
179,179,394974,"Philadelphia, PA",5,Upper Tier,2011-03-31,131515.0,1527,0.1393301144356157,PA
180,180,394974,"Philadelphia, PA",5,Bottom Tier,2011-06-30,19000.0,847,0.5349473684210526,PA
181,181,394974,"Philadelphia, PA",5,Upper Tier,2011-06-30,132020.0,1519,0.1380699893955461,PA
182,182,394974,"Philadelphia, PA",5,Bottom Tier,2011-09-30,19100.0,842,0.5290052356020942,PA
183,183,394974,"Philadelphia, PA",5,Upper Tier,2011-09-30,133140.0,1512,0.1362776025236593,PA
184,184,394974,"Philadelphia, PA",5,Bottom Tier,2011-12-31,19200.0,841,0.525625,PA
185,185,394974,"Philadelphia, PA",5,Upper Tier,2011-12-31,134260.0,1522,0.1360345598093252,PA
186,186,394974,"Philadelphia, PA",5,Bottom Tier,2012-03-31,19300.0,841,0.5229015544041451,PA
187,187,394974,"Philadelphia, PA",5,Upper Tier,2012-03-31,135380.0,1545,0.1369478504949032,PA
188,188,394974,"Philadelphia, PA",5,Bottom Tier,2012-06-30,19400.0,840,0.5195876288659794,PA
189,189,394974,"Philadelphia, PA",5,Upper Tier,2012-06-30,136500.0,1564,0.1374945054945054,PA
190,190,394974,"Philadelphia, PA",5,Bottom Tier,2012-09-30,19550.0,838,0.5143734015345268,PA
191,191,394974,"Philadelphia, PA",5,Upper Tier,2012-09-30,137500.0,1577,0.1376290909090909,PA
192,192,394974,"Philadelphia, PA",5,Bottom Tier,2012-12-31,19700.0,837,0.5098477157360406,PA
193,193,394974,"Philadelphia, PA",5,Upper Tier,2012-12-31,138500.0,1590,0.1377617328519855,PA
194,194,394974,"Philadelphia, PA",5,Bottom Tier,2013-03-31,19850.0,839,0.5072040302267002,PA
195,195,394974,"Philadelphia, PA",5,Upper Tier,2013-03-31,139500.0,1604,0.1379784946236559,PA
196,196,394974,"Philadelphia, PA",5,Bottom Tier,2013-06-30,20000.0,843,0.5058,PA
197,197,394974,"Philadelphia, PA",5,Upper Tier,2013-06-30,140500.0,1616,0.1380213523131672,PA
198,198,394974,"Philadelphia, PA",5,Bottom Tier,2013-09-30,20325.0,849,0.5012546125461255,PA
199,199,394974,"Philadelphia, PA",5,Upper Tier,2013-09-30,141875.0,1623,0.1372757709251101,PA
200,200,394974,"Philadelphia, PA",5,Bottom Tier,2013-12-31,20650.0,852,0.4951089588377724,PA
201,201,394974,"Philadelphia, PA",5,Upper Tier,2013-12-31,143250.0,1621,0.1357905759162303,PA
202,202,394974,"Philadelphia, PA",5,Bottom Tier,2014-03-31,20975.0,856,0.4897258641239571,PA
203,203,394974,"Philadelphia, PA",5,Upper Tier,2014-03-31,144625.0,1617,0.1341676750216076,PA
204,204,394974,"Philadelphia, PA",5,Bottom Tier,2014-06-30,21300.0,864,0.4867605633802817,PA
205,205,394974,"Philadelphia, PA",5,Upper Tier,2014-06-30,146000.0,1619,0.1330684931506849,PA
206,206,394974,"Philadelphia, PA",5,Bottom Tier,2014-09-30,21398.5125,875,0.4906883130311044,PA
207,207,394974,"Philadelphia, PA",5,Upper Tier,2014-09-30,147606.0,1624,0.1320271533677492,PA
208,208,394974,"Philadelphia, PA",5,Bottom Tier,2014-12-31,21497.025,890,0.4968129310916278,PA
209,209,394974,"Philadelphia, PA",5,Upper Tier,2014-12-31,149212.0,1634,0.1314103423317159,PA
210,210,394974,"Philadelphia, PA",5,Bottom Tier,2015-03-31,21595.5375,911,0.5062156938673095,PA
211,211,394974,"Philadelphia, PA",5,Upper Tier,2015-03-31,150818.0,1652,0.1314431964354387,PA
212,212,394974,"Philadelphia, PA",5,Bottom Tier,2015-06-30,21694.05,935,0.5171925020915873,PA
213,213,394974,"Philadelphia, PA",5,Upper Tier,2015-06-30,152424.0,1679,0.132183908045977,PA
214,214,394974,"Philadelphia, PA",5,Bottom Tier,2015-09-30,21792.5625,965,0.5313739492544761,PA
215,215,394974,"Philadelphia, PA",5,Upper Tier,2015-09-30,154030.0,1709,0.1331428942413815,PA
216,216,394974,"Philadelphia, PA",5,Bottom Tier,2015-12-31,21891.075,1007,0.5520057831787611,PA
217,217,394974,"Philadelphia, PA",5,Upper Tier,2015-12-31,155636.0,1737,0.1339278830090724,PA
218,218,394974,"Philadelphia, PA",5,Bottom Tier,2016-03-31,21989.5875,1039,0.5669956291813113,PA
219,219,394974,"Philadelphia, PA",5,Upper Tier,2016-03-31,157242.0,1749,0.1334757889113595,PA
220,220,394974,"Philadelphia, PA",5,Bottom Tier,2016-06-30,22088.1,1055,0.5731593029730941,PA
221,221,394974,"Philadelphia, PA",5,Upper Tier,2016-06-30,158848.0,1745,0.1318241337630943,PA
222,222,394692,"Houston, TX",6,Bottom Tier,2010-12-31,19350.0,682,0.4229457364341085,TX
223,223,394692,"Houston, TX",6,Upper Tier,2010-12-31,126400.0,1217,0.1155379746835443,TX
224,224,394692,"Houston, TX",6,Bottom Tier,2011-03-31,19675.0,712,0.4342566709021601,TX
225,225,394692,"Houston, TX",6,Upper Tier,2011-03-31,127750.0,1216,0.1142230919765166,TX
226,226,394692,"Houston, TX",6,Bottom Tier,2011-06-30,20000.0,739,0.4434,TX
227,227,394692,"Houston, TX",6,Upper Tier,2011-06-30,129100.0,1215,0.1129357087529047,TX
228,228,394692,"Houston, TX",6,Bottom Tier,2011-09-30,20000.0,764,0.4584,TX
229,229,394692,"Houston, TX",6,Upper Tier,2011-09-30,130575.0,1217,0.1118437679494543,TX
230,230,394692,"Houston, TX",6,Bottom Tier,2011-12-31,20000.0,769,0.4614,TX
231,231,394692,"Houston, TX",6,Upper Tier,2011-12-31,132050.0,1236,0.1123210904960242,TX
232,232,394692,"Houston, TX",6,Bottom Tier,2012-03-31,20000.0,769,0.4614,TX
233,233,394692,"Houston, TX",6,Upper Tier,2012-03-31,133525.0,1274,0.1144954128440366,TX
234,234,394692,"Houston, TX",6,Bottom Tier,2012-06-30,20000.0,772,0.4632,TX
235,235,394692,"Houston, TX",6,Upper Tier,2012-06-30,135000.0,1323,0.1176,TX
236,236,394692,"Houston, TX",6,Bottom Tier,2012-09-30,20150.0,781,0.4651116625310174,TX
237,237,394692,"Houston, TX",6,Upper Tier,2012-09-30,136250.0,1373,0.1209247706422018,TX
238,238,394692,"Houston, TX",6,Bottom Tier,2012-12-31,20300.0,794,0.46935960591133,TX
239,239,394692,"Houston, TX",6,Upper Tier,2012-12-31,137500.0,1416,0.1235781818181818,TX
240,240,394692,"Houston, TX",6,Bottom Tier,2013-03-31,20450.0,808,0.4741320293398533,TX
241,241,394692,"Houston, TX",6,Upper Tier,2013-03-31,138750.0,1449,0.1253189189189189,TX
242,242,394692,"Houston, TX",6,Bottom Tier,2013-06-30,20600.0,826,0.4811650485436893,TX
243,243,394692,"Houston, TX",6,Upper Tier,2013-06-30,140000.0,1475,0.1264285714285714,TX
244,244,394692,"Houston, TX",6,Bottom Tier,2013-09-30,20850.0,846,0.4869064748201439,TX
245,245,394692,"Houston, TX",6,Upper Tier,2013-09-30,140725.0,1497,0.1276532243737786,TX
246,246,394692,"Houston, TX",6,Bottom Tier,2013-12-31,21100.0,867,0.4930805687203791,TX
247,247,394692,"Houston, TX",6,Upper Tier,2013-12-31,141450.0,1512,0.128271474019088,TX
248,248,394692,"Houston, TX",6,Bottom Tier,2014-03-31,21350.0,888,0.4991100702576112,TX
249,249,394692,"Houston, TX",6,Upper Tier,2014-03-31,142175.0,1529,0.1290522243713733,TX
250,250,394692,"Houston, TX",6,Bottom Tier,2014-06-30,21600.0,906,0.5033333333333333,TX
251,251,394692,"Houston, TX",6,Upper Tier,2014-06-30,142900.0,1548,0.1299930020993701,TX
252,252,394692,"Houston, TX",6,Bottom Tier,2014-09-30,21699.9,919,0.5082051069359766,TX
253,253,394692,"Houston, TX",6,Upper Tier,2014-09-30,144471.9,1558,0.1294092484420846,TX
254,254,394692,"Houston, TX",6,Bottom Tier,2014-12-31,21799.8,934,0.5141331571849284,TX
255,255,394692,"Houston, TX",6,Upper Tier,2014-12-31,146043.8,1564,0.1285093923877631,TX
256,256,394692,"Houston, TX",6,Bottom Tier,2015-03-31,21899.7,967,0.5298702721955095,TX
257,257,394692,"Houston, TX",6,Upper Tier,2015-03-31,147615.7,1576,0.1281164537376444,TX
258,258,394692,"Houston, TX",6,Bottom Tier,2015-06-30,21999.6,1025,0.5591010745649921,TX
259,259,394692,"Houston, TX",6,Upper Tier,2015-06-30,149187.6,1602,0.1288578943558311,TX
260,260,394692,"Houston, TX",6,Bottom Tier,2015-09-30,22099.5,1096,0.5951265865743569,TX
261,261,394692,"Houston, TX",6,Upper Tier,2015-09-30,150759.5,1653,0.1315737980027792,TX
262,262,394692,"Houston, TX",6,Bottom Tier,2015-12-31,22199.4,1168,0.6313684153625774,TX
263,263,394692,"Houston, TX",6,Upper Tier,2015-12-31,152331.4,1718,0.1353365097412615,TX
264,264,394692,"Houston, TX",6,Bottom Tier,2016-03-31,22299.3,1212,0.6522177826209792,TX
265,265,394692,"Houston, TX",6,Upper Tier,2016-03-31,153903.3,1756,0.1369171421275567,TX
266,266,394692,"Houston, TX",6,Bottom Tier,2016-06-30,22399.2,1216,0.6514518375656273,TX
267,267,394692,"Houston, TX",6,Upper Tier,2016-06-30,155475.2,1753,0.1353013213682954,TX
268,268,395209,"Washington, DC",7,Bottom Tier,2010-12-31,33000.0,1194,0.4341818181818181,DC
269,269,395209,"Washington, DC",7,Upper Tier,2010-12-31,180000.0,2188,0.1458666666666666,DC
270,270,395209,"Washington, DC",7,Bottom Tier,2011-03-31,33500.0,1223,0.4380895522388059,DC
271,271,395209,"Washington, DC",7,Upper Tier,2011-03-31,181000.0,2272,0.1506298342541436,DC
272,272,395209,"Washington, DC",7,Bottom Tier,2011-06-30,34000.0,1251,0.4415294117647059,DC
273,273,395209,"Washington, DC",7,Upper Tier,2011-06-30,182000.0,2354,0.1552087912087912,DC
274,274,395209,"Washington, DC",7,Bottom Tier,2011-09-30,33750.0,1279,0.4547555555555556,DC
275,275,395209,"Washington, DC",7,Upper Tier,2011-09-30,182850.0,2430,0.1594749794913864,DC
276,276,395209,"Washington, DC",7,Bottom Tier,2011-12-31,33500.0,1302,0.4663880597014925,DC
277,277,395209,"Washington, DC",7,Upper Tier,2011-12-31,183700.0,2482,0.1621339139902014,DC
278,278,395209,"Washington, DC",7,Bottom Tier,2012-03-31,33250.0,1316,0.4749473684210526,DC
279,279,395209,"Washington, DC",7,Upper Tier,2012-03-31,184550.0,2513,0.163402871850447,DC
280,280,395209,"Washington, DC",7,Bottom Tier,2012-06-30,33000.0,1325,0.4818181818181818,DC
281,281,395209,"Washington, DC",7,Upper Tier,2012-06-30,185400.0,2524,0.1633656957928802,DC
282,282,395209,"Washington, DC",7,Bottom Tier,2012-09-30,33400.0,1336,0.48,DC
283,283,395209,"Washington, DC",7,Upper Tier,2012-09-30,186550.0,2534,0.1630018761726079,DC
284,284,395209,"Washington, DC",7,Bottom Tier,2012-12-31,33800.0,1344,0.4771597633136095,DC
285,285,395209,"Washington, DC",7,Upper Tier,2012-12-31,187700.0,2541,0.1624507192328183,DC
286,286,395209,"Washington, DC",7,Bottom Tier,2013-03-31,34200.0,1348,0.4729824561403509,DC
287,287,395209,"Washington, DC",7,Upper Tier,2013-03-31,188850.0,2536,0.161143764892772,DC
288,288,395209,"Washington, DC",7,Bottom Tier,2013-06-30,34600.0,1354,0.4695953757225433,DC
289,289,395209,"Washington, DC",7,Upper Tier,2013-06-30,190000.0,2517,0.1589684210526316,DC
290,290,395209,"Washington, DC",7,Bottom Tier,2013-09-30,34700.0,1363,0.4713544668587896,DC
291,291,395209,"Washington, DC",7,Upper Tier,2013-09-30,190886.124999999,2487,0.156344522159482,DC
292,292,395209,"Washington, DC",7,Bottom Tier,2013-12-31,34800.0,1373,0.4734482758620689,DC
293,293,395209,"Washington, DC",7,Upper Tier,2013-12-31,191772.249999997,2458,0.1538074460721009,DC
294,294,395209,"Washington, DC",7,Bottom Tier,2014-03-31,34900.0,1385,0.4762177650429799,DC
295,295,395209,"Washington, DC",7,Upper Tier,2014-03-31,192658.374999996,2441,0.1520411453693648,DC
296,296,395209,"Washington, DC",7,Bottom Tier,2014-06-30,35000.0,1393,0.4776,DC
297,297,395209,"Washington, DC",7,Upper Tier,2014-06-30,193544.499999995,2432,0.1507870283061557,DC
298,298,395209,"Washington, DC",7,Bottom Tier,2014-09-30,35161.875,1399,0.4774489415026929,DC
299,299,395209,"Washington, DC",7,Upper Tier,2014-09-30,195673.489499995,2423,0.1485944778431558,DC
300,300,395209,"Washington, DC",7,Bottom Tier,2014-12-31,35323.75,1406,0.4776389822711349,DC
301,301,395209,"Washington, DC",7,Upper Tier,2014-12-31,197802.478999995,2422,0.1469344577830126,DC
302,302,395209,"Washington, DC",7,Bottom Tier,2015-03-31,35485.625,1419,0.4798562798316219,DC
303,303,395209,"Washington, DC",7,Upper Tier,2015-03-31,199931.468499995,2462,0.1477706347162689,DC
304,304,395209,"Washington, DC",7,Bottom Tier,2015-06-30,35647.5,1440,0.4847464759099516,DC
305,305,395209,"Washington, DC",7,Upper Tier,2015-06-30,202060.457999995,2569,0.1525681981776007,DC
306,306,395209,"Washington, DC",7,Bottom Tier,2015-09-30,35809.375,1466,0.4912679989527882,DC
307,307,395209,"Washington, DC",7,Upper Tier,2015-09-30,204189.447499995,2714,0.1594989378674958,DC
308,308,395209,"Washington, DC",7,Bottom Tier,2015-12-31,35971.25,1494,0.4983980262014803,DC
309,309,395209,"Washington, DC",7,Upper Tier,2015-12-31,206318.436999995,2882,0.1676243795895024,DC
310,310,395209,"Washington, DC",7,Bottom Tier,2016-03-31,36133.125,1516,0.5034715375434591,DC
311,311,395209,"Washington, DC",7,Upper Tier,2016-03-31,208447.426499994,3001,0.1727629868340016,DC
312,312,395209,"Washington, DC",7,Bottom Tier,2016-06-30,36295.0,1525,0.5042016806722689,DC
313,313,395209,"Washington, DC",7,Upper Tier,2016-06-30,210576.415999994,3036,0.1730108275753018,DC
314,314,394856,"Miami-Fort Lauderdale, FL",8,Bottom Tier,2010-12-31,15500.0,1004,0.7772903225806451,FL
315,315,394856,"Miami-Fort Lauderdale, FL",8,Upper Tier,2010-12-31,106505.0,1744,0.1964978170038965,FL
316,316,394856,"Miami-Fort Lauderdale, FL",8,Bottom Tier,2011-03-31,15750.0,1027,0.7824761904761904,FL
317,317,394856,"Miami-Fort Lauderdale, FL",8,Upper Tier,2011-03-31,107252.5,1758,0.1966947157408918,FL
318,318,394856,"Miami-Fort Lauderdale, FL",8,Bottom Tier,2011-06-30,16000.0,1048,0.786,FL
319,319,394856,"Miami-Fort Lauderdale, FL",8,Upper Tier,2011-06-30,108000.0,1773,0.197,FL
320,320,394856,"Miami-Fort Lauderdale, FL",8,Bottom Tier,2011-09-30,15975.0,1069,0.8030046948356807,FL
321,321,394856,"Miami-Fort Lauderdale, FL",8,Upper Tier,2011-09-30,108575.0,1786,0.1973935067925397,FL
322,322,394856,"Miami-Fort Lauderdale, FL",8,Bottom Tier,2011-12-31,15950.0,1083,0.8147962382445141,FL
323,323,394856,"Miami-Fort Lauderdale, FL",8,Upper Tier,2011-12-31,109150.0,1799,0.1977828676133761,FL
324,324,394856,"Miami-Fort Lauderdale, FL",8,Bottom Tier,2012-03-31,15925.0,1090,0.8213500784929356,FL
325,325,394856,"Miami-Fort Lauderdale, FL",8,Upper Tier,2012-03-31,109725.0,1807,0.1976213260423786,FL
326,326,394856,"Miami-Fort Lauderdale, FL",8,Bottom Tier,2012-06-30,15900.0,1099,0.8294339622641509,FL
327,327,394856,"Miami-Fort Lauderdale, FL",8,Upper Tier,2012-06-30,110300.0,1814,0.1973526745240253,FL
328,328,394856,"Miami-Fort Lauderdale, FL",8,Bottom Tier,2012-09-30,15925.0,1107,0.834160125588697,FL
329,329,394856,"Miami-Fort Lauderdale, FL",8,Upper Tier,2012-09-30,110725.0,1829,0.1982208173402574,FL
330,330,394856,"Miami-Fort Lauderdale, FL",8,Bottom Tier,2012-12-31,15950.0,1119,0.8418808777429467,FL
331,331,394856,"Miami-Fort Lauderdale, FL",8,Upper Tier,2012-12-31,111150.0,1859,0.2007017543859649,FL
332,332,394856,"Miami-Fort Lauderdale, FL",8,Bottom Tier,2013-03-31,15975.0,1139,0.8555868544600939,FL
333,333,394856,"Miami-Fort Lauderdale, FL",8,Upper Tier,2013-03-31,111575.0,1904,0.2047770557920681,FL
334,334,394856,"Miami-Fort Lauderdale, FL",8,Bottom Tier,2013-06-30,16000.0,1162,0.8715,FL
335,335,394856,"Miami-Fort Lauderdale, FL",8,Upper Tier,2013-06-30,112000.0,1968,0.2108571428571428,FL
336,336,394856,"Miami-Fort Lauderdale, FL",8,Bottom Tier,2013-09-30,16250.0,1183,0.8736,FL
337,337,394856,"Miami-Fort Lauderdale, FL",8,Upper Tier,2013-09-30,113500.0,2044,0.2161057268722467,FL
338,338,394856,"Miami-Fort Lauderdale, FL",8,Bottom Tier,2013-12-31,16500.0,1196,0.8698181818181818,FL
339,339,394856,"Miami-Fort Lauderdale, FL",8,Upper Tier,2013-12-31,115000.0,2114,0.2205913043478261,FL
340,340,394856,"Miami-Fort Lauderdale, FL",8,Bottom Tier,2014-03-31,16750.0,1201,0.8604179104477612,FL
341,341,394856,"Miami-Fort Lauderdale, FL",8,Upper Tier,2014-03-31,116500.0,2167,0.2232103004291845,FL
342,342,394856,"Miami-Fort Lauderdale, FL",8,Bottom Tier,2014-06-30,17000.0,1206,0.8512941176470589,FL
343,343,394856,"Miami-Fort Lauderdale, FL",8,Upper Tier,2014-06-30,118000.0,2191,0.2228135593220339,FL
344,344,394856,"Miami-Fort Lauderdale, FL",8,Bottom Tier,2014-09-30,17078.625,1217,0.8551039676788968,FL
345,345,394856,"Miami-Fort Lauderdale, FL",8,Upper Tier,2014-09-30,119298.0,2193,0.2205904541568173,FL
346,346,394856,"Miami-Fort Lauderdale, FL",8,Bottom Tier,2014-12-31,17157.25,1237,0.8651736146526978,FL
347,347,394856,"Miami-Fort Lauderdale, FL",8,Upper Tier,2014-12-31,120596.0,2191,0.2180171813327142,FL
348,348,394856,"Miami-Fort Lauderdale, FL",8,Bottom Tier,2015-03-31,17235.875,1265,0.8807211702335971,FL
349,349,394856,"Miami-Fort Lauderdale, FL",8,Upper Tier,2015-03-31,121894.0,2199,0.2164831739051963,FL
350,350,394856,"Miami-Fort Lauderdale, FL",8,Bottom Tier,2015-06-30,17314.5,1298,0.8995928268214503,FL
351,351,394856,"Miami-Fort Lauderdale, FL",8,Upper Tier,2015-06-30,123192.0,2227,0.2169296707578414,FL
352,352,394856,"Miami-Fort Lauderdale, FL",8,Bottom Tier,2015-09-30,17393.125,1338,0.9231233605231952,FL
353,353,394856,"Miami-Fort Lauderdale, FL",8,Upper Tier,2015-09-30,124490.0,2259,0.2177524299140493,FL
354,354,394856,"Miami-Fort Lauderdale, FL",8,Bottom Tier,2015-12-31,17471.75,1383,0.949876228769299,FL
355,355,394856,"Miami-Fort Lauderdale, FL",8,Upper Tier,2015-12-31,125788.0,2294,0.2188444048716888,FL
356,356,394856,"Miami-Fort Lauderdale, FL",8,Bottom Tier,2016-03-31,17550.375,1419,0.9702356787248136,FL
357,357,394856,"Miami-Fort Lauderdale, FL",8,Upper Tier,2016-03-31,127086.0,2316,0.2186865587082762,FL
358,358,394856,"Miami-Fort Lauderdale, FL",8,Bottom Tier,2016-06-30,17629.0,1443,0.9822451642180496,FL
359,359,394856,"Miami-Fort Lauderdale, FL",8,Upper Tier,2016-06-30,128384.0,2305,0.2154474077766699,FL
360,360,394347,"Atlanta, GA",9,Bottom Tier,2010-12-31,18750.0,700,0.448,GA
361,361,394347,"Atlanta, GA",9,Upper Tier,2010-12-31,118750.0,1108,0.1119663157894736,GA
362,362,394347,"Atlanta, GA",9,Bottom Tier,2011-03-31,18975.0,699,0.4420553359683794,GA
363,363,394347,"Atlanta, GA",9,Upper Tier,2011-03-31,119375.0,1118,0.1123853403141361,GA
364,364,394347,"Atlanta, GA",9,Bottom Tier,2011-06-30,19200.0,697,0.435625,GA
365,365,394347,"Atlanta, GA",9,Upper Tier,2011-06-30,120000.0,1130,0.113,GA
366,366,394347,"Atlanta, GA",9,Bottom Tier,2011-09-30,19400.0,696,0.4305154639175257,GA
367,367,394347,"Atlanta, GA",9,Upper Tier,2011-09-30,120500.0,1143,0.1138257261410788,GA
368,368,394347,"Atlanta, GA",9,Bottom Tier,2011-12-31,19600.0,697,0.426734693877551,GA
369,369,394347,"Atlanta, GA",9,Upper Tier,2011-12-31,121000.0,1167,0.1157355371900826,GA
370,370,394347,"Atlanta, GA",9,Bottom Tier,2012-03-31,19800.0,698,0.423030303030303,GA
371,371,394347,"Atlanta, GA",9,Upper Tier,2012-03-31,121500.0,1191,0.1176296296296296,GA
372,372,394347,"Atlanta, GA",9,Bottom Tier,2012-06-30,20000.0,699,0.4194,GA
373,373,394347,"Atlanta, GA",9,Upper Tier,2012-06-30,122000.0,1205,0.1185245901639344,GA
374,374,394347,"Atlanta, GA",9,Bottom Tier,2012-09-30,20125.0,700,0.417391304347826,GA
375,375,394347,"Atlanta, GA",9,Upper Tier,2012-09-30,122750.0,1209,0.1181914460285132,GA
376,376,394347,"Atlanta, GA",9,Bottom Tier,2012-12-31,20250.0,702,0.416,GA
377,377,394347,"Atlanta, GA",9,Upper Tier,2012-12-31,123500.0,1215,0.1180566801619433,GA
378,378,394347,"Atlanta, GA",9,Bottom Tier,2013-03-31,20375.0,709,0.4175705521472392,GA
379,379,394347,"Atlanta, GA",9,Upper Tier,2013-03-31,124250.0,1224,0.1182132796780684,GA
380,380,394347,"Atlanta, GA",9,Bottom Tier,2013-06-30,20500.0,721,0.4220487804878048,GA
381,381,394347,"Atlanta, GA",9,Upper Tier,2013-06-30,125000.0,1236,0.118656,GA
382,382,394347,"Atlanta, GA",9,Bottom Tier,2013-09-30,20875.0,740,0.4253892215568862,GA
383,383,394347,"Atlanta, GA",9,Upper Tier,2013-09-30,126100.0,1255,0.1194290245836637,GA
384,384,394347,"Atlanta, GA",9,Bottom Tier,2013-12-31,21250.0,761,0.4297411764705882,GA
385,385,394347,"Atlanta, GA",9,Upper Tier,2013-12-31,127200.0,1283,0.1210377358490566,GA
386,386,394347,"Atlanta, GA",9,Bottom Tier,2014-03-31,21625.0,778,0.4317225433526011,GA
387,387,394347,"Atlanta, GA",9,Upper Tier,2014-03-31,128300.0,1319,0.1233671083398285,GA
388,388,394347,"Atlanta, GA",9,Bottom Tier,2014-06-30,22000.0,791,0.4314545454545455,GA
389,389,394347,"Atlanta, GA",9,Upper Tier,2014-06-30,129400.0,1358,0.125935085007728,GA
390,390,394347,"Atlanta, GA",9,Bottom Tier,2014-09-30,22101.75,797,0.4327259153686925,GA
391,391,394347,"Atlanta, GA",9,Upper Tier,2014-09-30,130823.4,1391,0.1275918528336674,GA
392,392,394347,"Atlanta, GA",9,Bottom Tier,2014-12-31,22203.5,801,0.4329047222284775,GA
393,393,394347,"Atlanta, GA",9,Upper Tier,2014-12-31,132246.8,1420,0.1288499986389084,GA
394,394,394347,"Atlanta, GA",9,Bottom Tier,2015-03-31,22305.25,810,0.4357718474350209,GA
395,395,394347,"Atlanta, GA",9,Upper Tier,2015-03-31,133670.2,1456,0.1307097617868455,GA
396,396,394347,"Atlanta, GA",9,Bottom Tier,2015-06-30,22407.0,822,0.4402195742401928,GA
397,397,394347,"Atlanta, GA",9,Upper Tier,2015-06-30,135093.6,1512,0.1343068805628098,GA
398,398,394347,"Atlanta, GA",9,Bottom Tier,2015-09-30,22508.75,840,0.447825845504526,GA
399,399,394347,"Atlanta, GA",9,Upper Tier,2015-09-30,136517.0,1587,0.1394991100009522,GA
400,400,394347,"Atlanta, GA",9,Bottom Tier,2015-12-31,22610.5,864,0.4585480197253488,GA
401,401,394347,"Atlanta, GA",9,Upper Tier,2015-12-31,137940.4,1669,0.1451931413856999,GA
402,402,394347,"Atlanta, GA",9,Bottom Tier,2016-03-31,22712.25,883,0.4665323779017931,GA
403,403,394347,"Atlanta, GA",9,Upper Tier,2016-03-31,139363.8,1733,0.1492209598188338,GA
404,404,394347,"Atlanta, GA",9,Bottom Tier,2016-06-30,22814.0,896,0.4712895590426931,GA
405,405,394347,"Atlanta, GA",9,Upper Tier,2016-06-30,140787.2,1767,0.1506102827529775,GA
406,406,394404,"Boston, MA",10,Bottom Tier,2010-12-31,21000.0,1341,0.7662857142857142,MA
407,407,394404,"Boston, MA",10,Upper Tier,2010-12-31,152500.0,2275,0.1790163934426229,MA
408,408,394404,"Boston, MA",10,Bottom Tier,2011-03-31,21300.0,1322,0.7447887323943662,MA
409,409,394404,"Boston, MA",10,Upper Tier,2011-03-31,153750.0,2289,0.1786536585365853,MA
410,410,394404,"Boston, MA",10,Bottom Tier,2011-06-30,21600.0,1306,0.7255555555555555,MA
411,411,394404,"Boston, MA",10,Upper Tier,2011-06-30,155000.0,2309,0.1787612903225806,MA
412,412,394404,"Boston, MA",10,Bottom Tier,2011-09-30,21825.0,1294,0.7114776632302405,MA
413,413,394404,"Boston, MA",10,Upper Tier,2011-09-30,156000.0,2332,0.1793846153846154,MA
414,414,394404,"Boston, MA",10,Bottom Tier,2011-12-31,22050.0,1322,0.7194557823129252,MA
415,415,394404,"Boston, MA",10,Upper Tier,2011-12-31,157000.0,2403,0.1836687898089172,MA
416,416,394404,"Boston, MA",10,Bottom Tier,2012-03-31,22275.0,1367,0.7364309764309764,MA
417,417,394404,"Boston, MA",10,Upper Tier,2012-03-31,158000.0,2486,0.1888101265822784,MA
418,418,394404,"Boston, MA",10,Bottom Tier,2012-06-30,22500.0,1401,0.7472,MA
419,419,394404,"Boston, MA",10,Upper Tier,2012-06-30,159000.0,2539,0.1916226415094339,MA
420,420,394404,"Boston, MA",10,Bottom Tier,2012-09-30,22625.0,1429,0.7579226519337017,MA
421,421,394404,"Boston, MA",10,Upper Tier,2012-09-30,161000.0,2576,0.192,MA
422,422,394404,"Boston, MA",10,Bottom Tier,2012-12-31,22750.0,1447,0.7632527472527473,MA
423,423,394404,"Boston, MA",10,Upper Tier,2012-12-31,163000.0,2597,0.1911901840490797,MA
424,424,394404,"Boston, MA",10,Bottom Tier,2013-03-31,22875.0,1456,0.7638032786885246,MA
425,425,394404,"Boston, MA",10,Upper Tier,2013-03-31,165000.0,2605,0.1894545454545454,MA
426,426,394404,"Boston, MA",10,Bottom Tier,2013-06-30,23000.0,1471,0.7674782608695652,MA
427,427,394404,"Boston, MA",10,Upper Tier,2013-06-30,167000.0,2628,0.1888383233532934,MA
428,428,394404,"Boston, MA",10,Bottom Tier,2013-09-30,23400.0,1486,0.762051282051282,MA
429,429,394404,"Boston, MA",10,Upper Tier,2013-09-30,168500.0,2652,0.1888664688427299,MA
430,430,394404,"Boston, MA",10,Bottom Tier,2013-12-31,23800.0,1494,0.7532773109243698,MA
431,431,394404,"Boston, MA",10,Upper Tier,2013-12-31,170000.0,2672,0.1886117647058823,MA
432,432,394404,"Boston, MA",10,Bottom Tier,2014-03-31,24200.0,1499,0.7433057851239669,MA
433,433,394404,"Boston, MA",10,Upper Tier,2014-03-31,171500.0,2691,0.1882915451895043,MA
434,434,394404,"Boston, MA",10,Bottom Tier,2014-06-30,24600.0,1506,0.7346341463414634,MA
435,435,394404,"Boston, MA",10,Upper Tier,2014-06-30,173000.0,2710,0.1879768786127167,MA
436,436,394404,"Boston, MA",10,Bottom Tier,2014-09-30,24713.775,1516,0.7361076970232188,MA
437,437,394404,"Boston, MA",10,Upper Tier,2014-09-30,174903.0,2728,0.1871666009159362,MA
438,438,394404,"Boston, MA",10,Bottom Tier,2014-12-31,24827.55,1540,0.7443344188210275,MA
439,439,394404,"Boston, MA",10,Upper Tier,2014-12-31,176806.0,2741,0.1860344105969254,MA
440,440,394404,"Boston, MA",10,Bottom Tier,2015-03-31,24941.325,1584,0.7621086690462515,MA
441,441,394404,"Boston, MA",10,Upper Tier,2015-03-31,178709.0,2738,0.1838519604496696,MA
442,442,394404,"Boston, MA",10,Bottom Tier,2015-06-30,25055.1,1628,0.779721493827604,MA
443,443,394404,"Boston, MA",10,Upper Tier,2015-06-30,180612.0,2712,0.1801873629659159,MA
444,444,394404,"Boston, MA",10,Bottom Tier,2015-09-30,25168.875,1684,0.8028964345843825,MA
445,445,394404,"Boston, MA",10,Upper Tier,2015-09-30,182515.0,2686,0.1765991836287428,MA
446,446,394404,"Boston, MA",10,Bottom Tier,2015-12-31,25282.65,1751,0.8310837669310772,MA
447,447,394404,"Boston, MA",10,Upper Tier,2015-12-31,184418.0,2674,0.1739960307562168,MA
448,448,394404,"Boston, MA",10,Bottom Tier,2016-03-31,25396.425,1798,0.8495683939767114,MA
449,449,394404,"Boston, MA",10,Upper Tier,2016-03-31,186321.0,2669,0.1718968876294137,MA
450,450,394404,"Boston, MA",10,Bottom Tier,2016-06-30,25510.2,1839,0.8650657384105181,MA
451,451,394404,"Boston, MA",10,Upper Tier,2016-06-30,188224.0,2675,0.1705414824889493,MA
452,452,395057,"San Francisco, CA",11,Bottom Tier,2010-12-31,22500.0,1224,0.6528,CA
453,453,395057,"San Francisco, CA",11,Upper Tier,2010-12-31,168800.0,3297,0.2343838862559241,CA
454,454,395057,"San Francisco, CA",11,Bottom Tier,2011-03-31,22650.0,1229,0.6511258278145695,CA
455,455,395057,"San Francisco, CA",11,Upper Tier,2011-03-31,170650.0,3178,0.2234749487254614,CA
456,456,395057,"San Francisco, CA",11,Bottom Tier,2011-06-30,22800.0,1237,0.6510526315789473,CA
457,457,395057,"San Francisco, CA",11,Upper Tier,2011-06-30,172500.0,3070,0.2135652173913043,CA
458,458,395057,"San Francisco, CA",11,Bottom Tier,2011-09-30,23350.0,1247,0.6408565310492506,CA
459,459,395057,"San Francisco, CA",11,Upper Tier,2011-09-30,175125.0,2974,0.2037858672376873,CA
460,460,395057,"San Francisco, CA",11,Bottom Tier,2011-12-31,23900.0,1280,0.6426778242677824,CA
461,461,395057,"San Francisco, CA",11,Upper Tier,2011-12-31,177750.0,2990,0.2018565400843882,CA
462,462,395057,"San Francisco, CA",11,Bottom Tier,2012-03-31,24450.0,1317,0.6463803680981595,CA
463,463,395057,"San Francisco, CA",11,Upper Tier,2012-03-31,180375.0,3025,0.2012474012474012,CA
464,464,395057,"San Francisco, CA",11,Bottom Tier,2012-06-30,25000.0,1348,0.64704,CA
465,465,395057,"San Francisco, CA",11,Upper Tier,2012-06-30,183000.0,3046,0.1997377049180327,CA
466,466,395057,"San Francisco, CA",11,Bottom Tier,2012-09-30,25250.0,1375,0.6534653465346535,CA
467,467,395057,"San Francisco, CA",11,Upper Tier,2012-09-30,183500.0,3106,0.203117166212534,CA
468,468,395057,"San Francisco, CA",11,Bottom Tier,2012-12-31,25500.0,1401,0.6592941176470588,CA
469,469,395057,"San Francisco, CA",11,Upper Tier,2012-12-31,184000.0,3215,0.2096739130434782,CA
470,470,395057,"San Francisco, CA",11,Bottom Tier,2013-03-31,25750.0,1425,0.6640776699029126,CA
471,471,395057,"San Francisco, CA",11,Upper Tier,2013-03-31,184500.0,3338,0.2171056910569105,CA
472,472,395057,"San Francisco, CA",11,Bottom Tier,2013-06-30,26000.0,1450,0.6692307692307692,CA
473,473,395057,"San Francisco, CA",11,Upper Tier,2013-06-30,185000.0,3458,0.2243027027027027,CA
474,474,395057,"San Francisco, CA",11,Bottom Tier,2013-09-30,26400.0,1471,0.6686363636363636,CA
475,475,395057,"San Francisco, CA",11,Upper Tier,2013-09-30,188750.0,3551,0.225758940397351,CA
476,476,395057,"San Francisco, CA",11,Bottom Tier,2013-12-31,26800.0,1488,0.6662686567164179,CA
477,477,395057,"San Francisco, CA",11,Upper Tier,2013-12-31,192500.0,3608,0.2249142857142857,CA
478,478,395057,"San Francisco, CA",11,Bottom Tier,2014-03-31,27200.0,1519,0.6701470588235294,CA
479,479,395057,"San Francisco, CA",11,Upper Tier,2014-03-31,196250.0,3681,0.22508025477707,CA
480,480,395057,"San Francisco, CA",11,Bottom Tier,2014-06-30,27600.0,1576,0.6852173913043478,CA
481,481,395057,"San Francisco, CA",11,Upper Tier,2014-06-30,200000.0,3785,0.2271,CA
482,482,395057,"San Francisco, CA",11,Bottom Tier,2014-09-30,27727.65,1650,0.7140886443676258,CA
483,483,395057,"San Francisco, CA",11,Upper Tier,2014-09-30,202200.0,3910,0.2320474777448071,CA
484,484,395057,"San Francisco, CA",11,Bottom Tier,2014-12-31,27855.3,1744,0.7513112405897621,CA
485,485,395057,"San Francisco, CA",11,Upper Tier,2014-12-31,204400.0,4063,0.23853228962818,CA
486,486,395057,"San Francisco, CA",11,Bottom Tier,2015-03-31,27982.95,1856,0.7959132257320976,CA
487,487,395057,"San Francisco, CA",11,Upper Tier,2015-03-31,206600.0,4277,0.2484220716360116,CA
488,488,395057,"San Francisco, CA",11,Bottom Tier,2015-06-30,28110.6,1971,0.8413907920855478,CA
489,489,395057,"San Francisco, CA",11,Upper Tier,2015-06-30,208800.0,4597,0.2641954022988506,CA
490,490,395057,"San Francisco, CA",11,Bottom Tier,2015-09-30,28238.25,2094,0.8898568431117367,CA
491,491,395057,"San Francisco, CA",11,Upper Tier,2015-09-30,211000.0,4961,0.2821421800947867,CA
492,492,395057,"San Francisco, CA",11,Bottom Tier,2015-12-31,28365.9,2217,0.9378866878893318,CA
493,493,395057,"San Francisco, CA",11,Upper Tier,2015-12-31,213200.0,5287,0.2975797373358348,CA
494,494,395057,"San Francisco, CA",11,Bottom Tier,2016-03-31,28493.55,2313,0.974115194491385,CA
495,495,395057,"San Francisco, CA",11,Upper Tier,2016-03-31,215400.0,5477,0.305125348189415,CA
496,496,395057,"San Francisco, CA",11,Bottom Tier,2016-06-30,28621.2,2382,0.9987002641398685,CA
497,497,395057,"San Francisco, CA",11,Upper Tier,2016-06-30,217600.0,5484,0.3024264705882353,CA
498,498,394532,"Detroit, MI",12,Bottom Tier,2010-12-31,16000.0,615,0.46125,MI
499,499,394532,"Detroit, MI",12,Upper Tier,2010-12-31,109400.0,1047,0.1148446069469835,MI
500,500,394532,"Detroit, MI",12,Bottom Tier,2011-03-31,16000.0,616,0.462,MI
501,501,394532,"Detroit, MI",12,Upper Tier,2011-03-31,110200.0,1036,0.1128130671506352,MI
502,502,394532,"Detroit, MI",12,Bottom Tier,2011-06-30,16000.0,614,0.4605,MI
503,503,394532,"Detroit, MI",12,Upper Tier,2011-06-30,111000.0,1025,0.1108108108108108,MI
504,504,394532,"Detroit, MI",12,Bottom Tier,2011-09-30,16150.0,612,0.4547368421052631,MI
505,505,394532,"Detroit, MI",12,Upper Tier,2011-09-30,112550.0,1014,0.1081119502443358,MI
506,506,394532,"Detroit, MI",12,Bottom Tier,2011-12-31,16300.0,605,0.4453987730061349,MI
507,507,394532,"Detroit, MI",12,Upper Tier,2011-12-31,114100.0,1010,0.1062226117440841,MI
508,508,394532,"Detroit, MI",12,Bottom Tier,2012-03-31,16450.0,596,0.4347720364741641,MI
509,509,394532,"Detroit, MI",12,Upper Tier,2012-03-31,115650.0,1002,0.1039688715953307,MI
510,510,394532,"Detroit, MI",12,Bottom Tier,2012-06-30,16600.0,594,0.4293975903614457,MI
511,511,394532,"Detroit, MI",12,Upper Tier,2012-06-30,117200.0,1001,0.1024914675767918,MI
512,512,394532,"Detroit, MI",12,Bottom Tier,2012-09-30,16807.5,598,0.4269522534582775,MI
513,513,394532,"Detroit, MI",12,Upper Tier,2012-09-30,117500.0,1009,0.1030468085106383,MI
514,514,394532,"Detroit, MI",12,Bottom Tier,2012-12-31,17015.0,599,0.4224507787246547,MI
515,515,394532,"Detroit, MI",12,Upper Tier,2012-12-31,117800.0,1014,0.1032937181663837,MI
516,516,394532,"Detroit, MI",12,Bottom Tier,2013-03-31,17222.5,600,0.4180577732617216,MI
517,517,394532,"Detroit, MI",12,Upper Tier,2013-03-31,118100.0,1018,0.1034377646062658,MI
518,518,394532,"Detroit, MI",12,Bottom Tier,2013-06-30,17430.0,607,0.4179001721170396,MI
519,519,394532,"Detroit, MI",12,Upper Tier,2013-06-30,118400.0,1021,0.1034797297297297,MI
520,520,394532,"Detroit, MI",12,Bottom Tier,2013-09-30,17572.5,625,0.4268032437046521,MI
521,521,394532,"Detroit, MI",12,Upper Tier,2013-09-30,119475.0,1022,0.1026490897677338,MI
522,522,394532,"Detroit, MI",12,Bottom Tier,2013-12-31,17715.0,647,0.438272650296359,MI
523,523,394532,"Detroit, MI",12,Upper Tier,2013-12-31,120550.0,1034,0.1029282455412691,MI
524,524,394532,"Detroit, MI",12,Bottom Tier,2014-03-31,17857.5,669,0.4495590088198236,MI
525,525,394532,"Detroit, MI",12,Upper Tier,2014-03-31,121625.0,1056,0.1041891058581706,MI
526,526,394532,"Detroit, MI",12,Bottom Tier,2014-06-30,18000.0,685,0.4566666666666666,MI
527,527,394532,"Detroit, MI",12,Upper Tier,2014-06-30,122700.0,1077,0.1053300733496332,MI
528,528,394532,"Detroit, MI",12,Bottom Tier,2014-09-30,18083.25,693,0.459873086972751,MI
529,529,394532,"Detroit, MI",12,Upper Tier,2014-09-30,124049.7,1094,0.1058285509759394,MI
530,530,394532,"Detroit, MI",12,Bottom Tier,2014-12-31,18166.5,697,0.4604078936504004,MI
531,531,394532,"Detroit, MI",12,Upper Tier,2014-12-31,125399.4,1105,0.1057421327374772,MI
532,532,394532,"Detroit, MI",12,Bottom Tier,2015-03-31,18249.75,702,0.4615953643200591,MI
533,533,394532,"Detroit, MI",12,Upper Tier,2015-03-31,126749.1,1120,0.1060362558787399,MI
534,534,394532,"Detroit, MI",12,Bottom Tier,2015-06-30,18333.0,712,0.4660448371788578,MI
535,535,394532,"Detroit, MI",12,Upper Tier,2015-06-30,128098.8,1155,0.1081977348733946,MI
536,536,394532,"Detroit, MI",12,Bottom Tier,2015-09-30,18416.25,722,0.4704540826715536,MI
537,537,394532,"Detroit, MI",12,Upper Tier,2015-09-30,129448.5,1200,0.1112411499553876,MI
538,538,394532,"Detroit, MI",12,Bottom Tier,2015-12-31,18499.5,733,0.4754723100624341,MI
539,539,394532,"Detroit, MI",12,Upper Tier,2015-12-31,130798.2,1243,0.1140382665816502,MI
540,540,394532,"Detroit, MI",12,Bottom Tier,2016-03-31,18582.75,742,0.4791540541631351,MI
541,541,394532,"Detroit, MI",12,Upper Tier,2016-03-31,132147.9,1267,0.1150529066296172,MI
542,542,394532,"Detroit, MI",12,Bottom Tier,2016-06-30,18666.0,746,0.479588556734169,MI
543,543,394532,"Detroit, MI",12,Upper Tier,2016-06-30,133497.6,1267,0.1138896879045016,MI
544,544,395025,"Riverside, CA",13,Bottom Tier,2010-12-31,18750.0,849,0.54336,CA
545,545,395025,"Riverside, CA",13,Upper Tier,2010-12-31,111100.0,1586,0.1713051305130513,CA
546,546,395025,"Riverside, CA",13,Bottom Tier,2011-03-31,18625.0,838,0.5399194630872484,CA
547,547,395025,"Riverside, CA",13,Upper Tier,2011-03-31,111050.0,1553,0.1678162989644304,CA
548,548,395025,"Riverside, CA",13,Bottom Tier,2011-06-30,18500.0,827,0.5364324324324324,CA
549,549,395025,"Riverside, CA",13,Upper Tier,2011-06-30,111000.0,1521,0.1644324324324324,CA
550,550,395025,"Riverside, CA",13,Bottom Tier,2011-09-30,18675.0,817,0.5249799196787148,CA
551,551,395025,"Riverside, CA",13,Upper Tier,2011-09-30,111700.0,1492,0.1602864816472694,CA
552,552,395025,"Riverside, CA",13,Bottom Tier,2011-12-31,18850.0,811,0.5162864721485411,CA
553,553,395025,"Riverside, CA",13,Upper Tier,2011-12-31,112400.0,1481,0.1581138790035587,CA
554,554,395025,"Riverside, CA",13,Bottom Tier,2012-03-31,19025.0,813,0.5127989487516426,CA
555,555,395025,"Riverside, CA",13,Upper Tier,2012-03-31,113100.0,1478,0.1568169761273209,CA
556,556,395025,"Riverside, CA",13,Bottom Tier,2012-06-30,19200.0,819,0.511875,CA
557,557,395025,"Riverside, CA",13,Upper Tier,2012-06-30,113800.0,1484,0.1564850615114235,CA
558,558,395025,"Riverside, CA",13,Bottom Tier,2012-09-30,19150.0,825,0.5169712793733682,CA
559,559,395025,"Riverside, CA",13,Upper Tier,2012-09-30,114350.0,1495,0.1568867512024486,CA
560,560,395025,"Riverside, CA",13,Bottom Tier,2012-12-31,19100.0,827,0.5195811518324608,CA
561,561,395025,"Riverside, CA",13,Upper Tier,2012-12-31,114900.0,1510,0.1577023498694517,CA
562,562,395025,"Riverside, CA",13,Bottom Tier,2013-03-31,19050.0,826,0.5203149606299212,CA
563,563,395025,"Riverside, CA",13,Upper Tier,2013-03-31,115450.0,1529,0.1589259419662191,CA
564,564,395025,"Riverside, CA",13,Bottom Tier,2013-06-30,19000.0,829,0.523578947368421,CA
565,565,395025,"Riverside, CA",13,Upper Tier,2013-06-30,116000.0,1545,0.1598275862068965,CA
566,566,395025,"Riverside, CA",13,Bottom Tier,2013-09-30,19250.0,836,0.5211428571428571,CA
567,567,395025,"Riverside, CA",13,Upper Tier,2013-09-30,116650.0,1549,0.1593484783540505,CA
568,568,395025,"Riverside, CA",13,Bottom Tier,2013-12-31,19500.0,843,0.5187692307692308,CA
569,569,395025,"Riverside, CA",13,Upper Tier,2013-12-31,117300.0,1541,0.1576470588235294,CA
570,570,395025,"Riverside, CA",13,Bottom Tier,2014-03-31,19750.0,848,0.5152405063291139,CA
571,571,395025,"Riverside, CA",13,Upper Tier,2014-03-31,117950.0,1539,0.1565748198389148,CA
572,572,395025,"Riverside, CA",13,Bottom Tier,2014-06-30,20000.0,848,0.5088,CA
573,573,395025,"Riverside, CA",13,Upper Tier,2014-06-30,118600.0,1547,0.1565261382799325,CA
574,574,395025,"Riverside, CA",13,Bottom Tier,2014-09-30,20092.5,848,0.5064576334453155,CA
575,575,395025,"Riverside, CA",13,Upper Tier,2014-09-30,119904.6,1567,0.1568246756171156,CA
576,576,395025,"Riverside, CA",13,Bottom Tier,2014-12-31,20185.0,852,0.5065147386673272,CA
577,577,395025,"Riverside, CA",13,Upper Tier,2014-12-31,121209.2,1592,0.1576117984443425,CA
578,578,395025,"Riverside, CA",13,Bottom Tier,2015-03-31,20277.5,862,0.510122056466527,CA
579,579,395025,"Riverside, CA",13,Upper Tier,2015-03-31,122513.8,1625,0.1591657429612011,CA
580,580,395025,"Riverside, CA",13,Bottom Tier,2015-06-30,20370.0,875,0.5154639175257731,CA
581,581,395025,"Riverside, CA",13,Upper Tier,2015-06-30,123818.4,1674,0.1622375995813223,CA
582,582,395025,"Riverside, CA",13,Bottom Tier,2015-09-30,20462.5,897,0.5260354306658521,CA
583,583,395025,"Riverside, CA",13,Upper Tier,2015-09-30,125123.0,1743,0.1671635111050726,CA
584,584,395025,"Riverside, CA",13,Bottom Tier,2015-12-31,20555.0,931,0.5435173923619557,CA
585,585,395025,"Riverside, CA",13,Upper Tier,2015-12-31,126427.6,1833,0.1739809978200962,CA
586,586,395025,"Riverside, CA",13,Bottom Tier,2016-03-31,20647.5,962,0.5590991645477661,CA
587,587,395025,"Riverside, CA",13,Upper Tier,2016-03-31,127732.2,1891,0.1776529332462762,CA
588,588,395025,"Riverside, CA",13,Bottom Tier,2016-06-30,20740.0,987,0.5710703953712633,CA
589,589,395025,"Riverside, CA",13,Upper Tier,2016-06-30,129036.8,1910,0.1776237476440829,CA
590,590,394976,"Phoenix, AZ",14,Bottom Tier,2010-12-31,18700.0,626,0.4017112299465241,AZ
591,591,394976,"Phoenix, AZ",14,Upper Tier,2010-12-31,108450.0,1018,0.1126417704011065,AZ
592,592,394976,"Phoenix, AZ",14,Bottom Tier,2011-03-31,19050.0,629,0.3962204724409449,AZ
593,593,394976,"Phoenix, AZ",14,Upper Tier,2011-03-31,109675.0,1005,0.1099612491452017,AZ
594,594,394976,"Phoenix, AZ",14,Bottom Tier,2011-06-30,19400.0,632,0.3909278350515464,AZ
595,595,394976,"Phoenix, AZ",14,Upper Tier,2011-06-30,110900.0,992,0.1073399458972046,AZ
596,596,394976,"Phoenix, AZ",14,Bottom Tier,2011-09-30,19250.0,634,0.3952207792207792,AZ
597,597,394976,"Phoenix, AZ",14,Upper Tier,2011-09-30,111325.0,980,0.1056366494498091,AZ
598,598,394976,"Phoenix, AZ",14,Bottom Tier,2011-12-31,19100.0,634,0.3983246073298429,AZ
599,599,394976,"Phoenix, AZ",14,Upper Tier,2011-12-31,111750.0,975,0.1046979865771812,AZ
600,600,394976,"Phoenix, AZ",14,Bottom Tier,2012-03-31,18950.0,636,0.4027440633245382,AZ
601,601,394976,"Phoenix, AZ",14,Upper Tier,2012-03-31,112175.0,974,0.1041943392021395,AZ
602,602,394976,"Phoenix, AZ",14,Bottom Tier,2012-06-30,18800.0,638,0.4072340425531915,AZ
603,603,394976,"Phoenix, AZ",14,Upper Tier,2012-06-30,112600.0,978,0.1042273534635879,AZ
604,604,394976,"Phoenix, AZ",14,Bottom Tier,2012-09-30,18957.5,643,0.4070156929974944,AZ
605,605,394976,"Phoenix, AZ",14,Upper Tier,2012-09-30,113300.0,984,0.1042188879082083,AZ
606,606,394976,"Phoenix, AZ",14,Bottom Tier,2012-12-31,19115.0,647,0.406173162437876,AZ
607,607,394976,"Phoenix, AZ",14,Upper Tier,2012-12-31,114000.0,990,0.1042105263157894,AZ
608,608,394976,"Phoenix, AZ",14,Bottom Tier,2013-03-31,19272.5,652,0.4059670514982488,AZ
609,609,394976,"Phoenix, AZ",14,Upper Tier,2013-03-31,114700.0,1001,0.1047253705318221,AZ
610,610,394976,"Phoenix, AZ",14,Bottom Tier,2013-06-30,19430.0,661,0.4082346886258363,AZ
611,611,394976,"Phoenix, AZ",14,Upper Tier,2013-06-30,115400.0,1016,0.1056499133448873,AZ
612,612,394976,"Phoenix, AZ",14,Bottom Tier,2013-09-30,19572.5,674,0.4132328522161195,AZ
613,613,394976,"Phoenix, AZ",14,Upper Tier,2013-09-30,116925.0,1034,0.106119307248236,AZ
614,614,394976,"Phoenix, AZ",14,Bottom Tier,2013-12-31,19715.0,685,0.4169414151661171,AZ
615,615,394976,"Phoenix, AZ",14,Upper Tier,2013-12-31,118450.0,1055,0.106880540312368,AZ
616,616,394976,"Phoenix, AZ",14,Bottom Tier,2014-03-31,19857.5,692,0.4181795291451592,AZ
617,617,394976,"Phoenix, AZ",14,Upper Tier,2014-03-31,119975.0,1079,0.1079224838508022,AZ
618,618,394976,"Phoenix, AZ",14,Bottom Tier,2014-06-30,20000.0,694,0.4164,AZ
619,619,394976,"Phoenix, AZ",14,Upper Tier,2014-06-30,121500.0,1100,0.1086419753086419,AZ
620,620,394976,"Phoenix, AZ",14,Bottom Tier,2014-09-30,20092.5,695,0.4150802538260545,AZ
621,621,394976,"Phoenix, AZ",14,Upper Tier,2014-09-30,122836.5,1119,0.1093160420559035,AZ
622,622,394976,"Phoenix, AZ",14,Bottom Tier,2014-12-31,20185.0,704,0.4185286103542234,AZ
623,623,394976,"Phoenix, AZ",14,Upper Tier,2014-12-31,124173.0,1138,0.1099755985600734,AZ
624,624,394976,"Phoenix, AZ",14,Bottom Tier,2015-03-31,20277.5,724,0.4284551843175934,AZ
625,625,394976,"Phoenix, AZ",14,Upper Tier,2015-03-31,125509.5,1158,0.1107167186547631,AZ
626,626,394976,"Phoenix, AZ",14,Bottom Tier,2015-06-30,20370.0,757,0.4459499263622975,AZ
627,627,394976,"Phoenix, AZ",14,Upper Tier,2015-06-30,126846.0,1185,0.1121044416063573,AZ
628,628,394976,"Phoenix, AZ",14,Bottom Tier,2015-09-30,20462.5,795,0.4662186927306048,AZ
629,629,394976,"Phoenix, AZ",14,Upper Tier,2015-09-30,128182.5,1230,0.1151483236791293,AZ
630,630,394976,"Phoenix, AZ",14,Bottom Tier,2015-12-31,20555.0,836,0.4880564339576745,AZ
631,631,394976,"Phoenix, AZ",14,Upper Tier,2015-12-31,129519.0,1287,0.1192411924119241,AZ
632,632,394976,"Phoenix, AZ",14,Bottom Tier,2016-03-31,20647.5,871,0.5062114057391937,AZ
633,633,394976,"Phoenix, AZ",14,Upper Tier,2016-03-31,130855.5,1333,0.1222417093664385,AZ
634,634,394976,"Phoenix, AZ",14,Bottom Tier,2016-06-30,20740.0,893,0.5166827386692382,AZ
635,635,394976,"Phoenix, AZ",14,Upper Tier,2016-06-30,132192.0,1361,0.1235475671750181,AZ
636,636,395078,"Seattle, WA",15,Bottom Tier,2010-12-31,23750.0,818,0.4133052631578947,WA
637,637,395078,"Seattle, WA",15,Upper Tier,2010-12-31,136000.0,1547,0.1365,WA
638,638,395078,"Seattle, WA",15,Bottom Tier,2011-03-31,23975.0,823,0.4119290928050052,WA
639,639,395078,"Seattle, WA",15,Upper Tier,2011-03-31,138000.0,1494,0.1299130434782608,WA
640,640,395078,"Seattle, WA",15,Bottom Tier,2011-06-30,24200.0,829,0.4110743801652892,WA
641,641,395078,"Seattle, WA",15,Upper Tier,2011-06-30,140000.0,1449,0.1242,WA
642,642,395078,"Seattle, WA",15,Bottom Tier,2011-09-30,24150.0,835,0.4149068322981366,WA
643,643,395078,"Seattle, WA",15,Upper Tier,2011-09-30,140900.0,1410,0.1200851667849538,WA
644,644,395078,"Seattle, WA",15,Bottom Tier,2011-12-31,24100.0,851,0.4237344398340249,WA
645,645,395078,"Seattle, WA",15,Upper Tier,2011-12-31,141800.0,1432,0.1211847672778561,WA
646,646,395078,"Seattle, WA",15,Bottom Tier,2012-03-31,24050.0,867,0.4325987525987526,WA
647,647,395078,"Seattle, WA",15,Upper Tier,2012-03-31,142700.0,1468,0.123447792571829,WA
648,648,395078,"Seattle, WA",15,Bottom Tier,2012-06-30,24000.0,880,0.44,WA
649,649,395078,"Seattle, WA",15,Upper Tier,2012-06-30,143600.0,1498,0.1251810584958217,WA
650,650,395078,"Seattle, WA",15,Bottom Tier,2012-09-30,24250.0,892,0.4414020618556701,WA
651,651,395078,"Seattle, WA",15,Upper Tier,2012-09-30,144497.5,1530,0.1270610218169864,WA
652,652,395078,"Seattle, WA",15,Bottom Tier,2012-12-31,24500.0,905,0.4432653061224489,WA
653,653,395078,"Seattle, WA",15,Upper Tier,2012-12-31,145395.0,1568,0.129412978438048,WA
654,654,395078,"Seattle, WA",15,Bottom Tier,2013-03-31,24750.0,921,0.4465454545454545,WA
655,655,395078,"Seattle, WA",15,Upper Tier,2013-03-31,146292.5,1610,0.132064186475725,WA
656,656,395078,"Seattle, WA",15,Bottom Tier,2013-06-30,25000.0,941,0.45168,WA
657,657,395078,"Seattle, WA",15,Upper Tier,2013-06-30,147190.0,1658,0.1351722263740743,WA
658,658,395078,"Seattle, WA",15,Bottom Tier,2013-09-30,25750.0,962,0.4483106796116505,WA
659,659,395078,"Seattle, WA",15,Upper Tier,2013-09-30,149717.5,1705,0.1366573713827709,WA
660,660,395078,"Seattle, WA",15,Bottom Tier,2013-12-31,26500.0,981,0.4442264150943396,WA
661,661,395078,"Seattle, WA",15,Upper Tier,2013-12-31,152245.0,1745,0.1375414627738185,WA
662,662,395078,"Seattle, WA",15,Bottom Tier,2014-03-31,27250.0,999,0.4399266055045872,WA
663,663,395078,"Seattle, WA",15,Upper Tier,2014-03-31,154772.5,1784,0.1383191458430922,WA
664,664,395078,"Seattle, WA",15,Bottom Tier,2014-06-30,28000.0,1017,0.4358571428571428,WA
665,665,395078,"Seattle, WA",15,Upper Tier,2014-06-30,157300.0,1817,0.1386141131595677,WA
666,666,395078,"Seattle, WA",15,Bottom Tier,2014-09-30,28129.5,1034,0.4411027568922305,WA
667,667,395078,"Seattle, WA",15,Upper Tier,2014-09-30,159030.3,1844,0.1391432953342853,WA
668,668,395078,"Seattle, WA",15,Bottom Tier,2014-12-31,28259.0,1054,0.4475742241409816,WA
669,669,395078,"Seattle, WA",15,Upper Tier,2014-12-31,160760.6,1878,0.1401836022010368,WA
670,670,395078,"Seattle, WA",15,Bottom Tier,2015-03-31,28388.5,1080,0.4565228877890695,WA
671,671,395078,"Seattle, WA",15,Upper Tier,2015-03-31,162490.9,1928,0.1423833580834373,WA
672,672,395078,"Seattle, WA",15,Bottom Tier,2015-06-30,28518.0,1111,0.4674942141805175,WA
673,673,395078,"Seattle, WA",15,Upper Tier,2015-06-30,164221.2,1994,0.1457059137309921,WA
674,674,395078,"Seattle, WA",15,Bottom Tier,2015-09-30,28647.5,1144,0.4792041190330744,WA
675,675,395078,"Seattle, WA",15,Upper Tier,2015-09-30,165951.5,2077,0.1501884586761795,WA
676,676,395078,"Seattle, WA",15,Bottom Tier,2015-12-31,28777.0,1182,0.4928936303297772,WA
677,677,395078,"Seattle, WA",15,Upper Tier,2015-12-31,167681.8,2179,0.1559382115411452,WA
678,678,395078,"Seattle, WA",15,Bottom Tier,2016-03-31,28906.5,1217,0.5052150900316538,WA
679,679,395078,"Seattle, WA",15,Upper Tier,2016-03-31,169412.1,2254,0.1596580173435073,WA
680,680,395078,"Seattle, WA",15,Bottom Tier,2016-06-30,29036.0,1249,0.5161868025898884,WA
681,681,395078,"Seattle, WA",15,Upper Tier,2016-06-30,171142.4,2292,0.1607082756815377,WA
682,682,394865,"Minneapolis-St Paul, MN",16,Bottom Tier,2010-12-31,23700.0,686,0.3473417721518987,MN
683,683,394865,"Minneapolis-St Paul, MN",16,Upper Tier,2010-12-31,129500.0,1180,0.1093436293436293,MN
684,684,394865,"Minneapolis-St Paul, MN",16,Bottom Tier,2011-03-31,23800.0,705,0.3554621848739496,MN
685,685,394865,"Minneapolis-St Paul, MN",16,Upper Tier,2011-03-31,130750.0,1203,0.1104091778202676,MN
686,686,394865,"Minneapolis-St Paul, MN",16,Bottom Tier,2011-06-30,23900.0,723,0.3630125523012552,MN
687,687,394865,"Minneapolis-St Paul, MN",16,Upper Tier,2011-06-30,132000.0,1226,0.1114545454545454,MN
688,688,394865,"Minneapolis-St Paul, MN",16,Bottom Tier,2011-09-30,24001.0,741,0.3704845631432024,MN
689,689,394865,"Minneapolis-St Paul, MN",16,Upper Tier,2011-09-30,132750.0,1251,0.1130847457627118,MN
690,690,394865,"Minneapolis-St Paul, MN",16,Bottom Tier,2011-12-31,24102.0,757,0.3768981827234254,MN
691,691,394865,"Minneapolis-St Paul, MN",16,Upper Tier,2011-12-31,133500.0,1273,0.1144269662921348,MN
692,692,394865,"Minneapolis-St Paul, MN",16,Bottom Tier,2012-03-31,24203.0,769,0.3812750485477007,MN
693,693,394865,"Minneapolis-St Paul, MN",16,Upper Tier,2012-03-31,134250.0,1287,0.1150391061452514,MN
694,694,394865,"Minneapolis-St Paul, MN",16,Bottom Tier,2012-06-30,24304.0,780,0.3851217906517445,MN
695,695,394865,"Minneapolis-St Paul, MN",16,Upper Tier,2012-06-30,135000.0,1308,0.1162666666666666,MN
696,696,394865,"Minneapolis-St Paul, MN",16,Bottom Tier,2012-09-30,24478.0,792,0.3882670152790261,MN
697,697,394865,"Minneapolis-St Paul, MN",16,Upper Tier,2012-09-30,136250.0,1337,0.1177541284403669,MN
698,698,394865,"Minneapolis-St Paul, MN",16,Bottom Tier,2012-12-31,24652.0,802,0.3903942884958624,MN
699,699,394865,"Minneapolis-St Paul, MN",16,Upper Tier,2012-12-31,137500.0,1370,0.1195636363636363,MN
700,700,394865,"Minneapolis-St Paul, MN",16,Bottom Tier,2013-03-31,24826.0,811,0.3920083783130589,MN
701,701,394865,"Minneapolis-St Paul, MN",16,Upper Tier,2013-03-31,138750.0,1402,0.121254054054054,MN
702,702,394865,"Minneapolis-St Paul, MN",16,Bottom Tier,2013-06-30,25000.0,818,0.39264,MN
703,703,394865,"Minneapolis-St Paul, MN",16,Upper Tier,2013-06-30,140000.0,1419,0.1216285714285714,MN
704,704,394865,"Minneapolis-St Paul, MN",16,Bottom Tier,2013-09-30,25275.0,826,0.3921661721068249,MN
705,705,394865,"Minneapolis-St Paul, MN",16,Upper Tier,2013-09-30,140500.0,1421,0.1213665480427046,MN
706,706,394865,"Minneapolis-St Paul, MN",16,Bottom Tier,2013-12-31,25550.0,835,0.3921722113502935,MN
707,707,394865,"Minneapolis-St Paul, MN",16,Upper Tier,2013-12-31,141000.0,1416,0.1205106382978723,MN
708,708,394865,"Minneapolis-St Paul, MN",16,Bottom Tier,2014-03-31,25825.0,843,0.3917134559535334,MN
709,709,394865,"Minneapolis-St Paul, MN",16,Upper Tier,2014-03-31,141500.0,1413,0.1198303886925795,MN
710,710,394865,"Minneapolis-St Paul, MN",16,Bottom Tier,2014-06-30,26100.0,849,0.3903448275862069,MN
711,711,394865,"Minneapolis-St Paul, MN",16,Upper Tier,2014-06-30,142000.0,1417,0.1197464788732394,MN
712,712,394865,"Minneapolis-St Paul, MN",16,Bottom Tier,2014-09-30,26220.7125,855,0.3912937148447052,MN
713,713,394865,"Minneapolis-St Paul, MN",16,Upper Tier,2014-09-30,143562.0,1427,0.1192794750700046,MN
714,714,394865,"Minneapolis-St Paul, MN",16,Bottom Tier,2014-12-31,26341.425,865,0.3940561302207455,MN
715,715,394865,"Minneapolis-St Paul, MN",16,Upper Tier,2014-12-31,145124.0,1443,0.1193186516358424,MN
716,716,394865,"Minneapolis-St Paul, MN",16,Bottom Tier,2015-03-31,26462.1375,886,0.4017816021098069,MN
717,717,394865,"Minneapolis-St Paul, MN",16,Upper Tier,2015-03-31,146686.0,1461,0.1195206086470419,MN
718,718,394865,"Minneapolis-St Paul, MN",16,Bottom Tier,2015-06-30,26582.85,917,0.4139511000513489,MN
719,719,394865,"Minneapolis-St Paul, MN",16,Upper Tier,2015-06-30,148248.0,1479,0.1197183098591549,MN
720,720,394865,"Minneapolis-St Paul, MN",16,Bottom Tier,2015-09-30,26703.5625,958,0.4305043568624973,MN
721,721,394865,"Minneapolis-St Paul, MN",16,Upper Tier,2015-09-30,149810.0,1509,0.1208731059341833,MN
722,722,394865,"Minneapolis-St Paul, MN",16,Bottom Tier,2015-12-31,26824.275,1008,0.4509348342126674,MN
723,723,394865,"Minneapolis-St Paul, MN",16,Upper Tier,2015-12-31,151372.0,1551,0.1229553682319055,MN
724,724,394865,"Minneapolis-St Paul, MN",16,Bottom Tier,2016-03-31,26944.9875,1050,0.4676194412782711,MN
725,725,394865,"Minneapolis-St Paul, MN",16,Upper Tier,2016-03-31,152934.0,1584,0.1242889089411118,MN
726,726,394865,"Minneapolis-St Paul, MN",16,Bottom Tier,2016-06-30,27065.7,1075,0.4766180072933639,MN
727,727,394865,"Minneapolis-St Paul, MN",16,Upper Tier,2016-06-30,154496.0,1609,0.1249741093620546,MN
728,728,395056,"San Diego, CA",17,Bottom Tier,2010-12-31,20350.0,991,0.5843734643734644,CA
729,729,395056,"San Diego, CA",17,Upper Tier,2010-12-31,130500.0,2077,0.1909885057471264,CA
730,730,395056,"San Diego, CA",17,Bottom Tier,2011-03-31,20675.0,1029,0.5972430471584038,CA
731,731,395056,"San Diego, CA",17,Upper Tier,2011-03-31,131250.0,2016,0.18432,CA
732,732,395056,"San Diego, CA",17,Bottom Tier,2011-06-30,21000.0,1067,0.6097142857142858,CA
733,733,395056,"San Diego, CA",17,Upper Tier,2011-06-30,132000.0,1961,0.1782727272727272,CA
734,734,395056,"San Diego, CA",17,Bottom Tier,2011-09-30,21150.0,1105,0.6269503546099291,CA
735,735,395056,"San Diego, CA",17,Upper Tier,2011-09-30,133500.0,1910,0.1716853932584269,CA
736,736,395056,"San Diego, CA",17,Bottom Tier,2011-12-31,21300.0,1147,0.6461971830985915,CA
737,737,395056,"San Diego, CA",17,Upper Tier,2011-12-31,135000.0,1906,0.1694222222222222,CA
738,738,395056,"San Diego, CA",17,Bottom Tier,2012-03-31,21450.0,1178,0.659020979020979,CA
739,739,395056,"San Diego, CA",17,Upper Tier,2012-03-31,136500.0,1915,0.1683516483516483,CA
740,740,395056,"San Diego, CA",17,Bottom Tier,2012-06-30,21600.0,1192,0.6622222222222223,CA
741,741,395056,"San Diego, CA",17,Upper Tier,2012-06-30,138000.0,1921,0.1670434782608695,CA
742,742,395056,"San Diego, CA",17,Bottom Tier,2012-09-30,22200.0,1206,0.6518918918918919,CA
743,743,395056,"San Diego, CA",17,Upper Tier,2012-09-30,139000.0,1927,0.1663597122302158,CA
744,744,395056,"San Diego, CA",17,Bottom Tier,2012-12-31,22800.0,1217,0.6405263157894737,CA
745,745,395056,"San Diego, CA",17,Upper Tier,2012-12-31,140000.0,1943,0.1665428571428571,CA
746,746,395056,"San Diego, CA",17,Bottom Tier,2013-03-31,23400.0,1225,0.6282051282051282,CA
747,747,395056,"San Diego, CA",17,Upper Tier,2013-03-31,141000.0,1966,0.1673191489361702,CA
748,748,395056,"San Diego, CA",17,Bottom Tier,2013-06-30,24000.0,1230,0.615,CA
749,749,395056,"San Diego, CA",17,Upper Tier,2013-06-30,142000.0,2003,0.1692676056338028,CA
750,750,395056,"San Diego, CA",17,Bottom Tier,2013-09-30,24000.0,1238,0.619,CA
751,751,395056,"San Diego, CA",17,Upper Tier,2013-09-30,142325.0,2050,0.1728438433163534,CA
752,752,395056,"San Diego, CA",17,Bottom Tier,2013-12-31,24000.0,1250,0.625,CA
753,753,395056,"San Diego, CA",17,Upper Tier,2013-12-31,142650.0,2095,0.176235541535226,CA
754,754,395056,"San Diego, CA",17,Bottom Tier,2014-03-31,24000.0,1264,0.632,CA
755,755,395056,"San Diego, CA",17,Upper Tier,2014-03-31,142975.0,2138,0.1794439587340444,CA
756,756,395056,"San Diego, CA",17,Bottom Tier,2014-06-30,24000.0,1282,0.641,CA
757,757,395056,"San Diego, CA",17,Upper Tier,2014-06-30,143300.0,2176,0.1822191207257501,CA
758,758,395056,"San Diego, CA",17,Bottom Tier,2014-09-30,24111.0,1301,0.647505288042802,CA
759,759,395056,"San Diego, CA",17,Upper Tier,2014-09-30,144876.3,2219,0.1837981781699284,CA
760,760,395056,"San Diego, CA",17,Bottom Tier,2014-12-31,24222.0,1329,0.6584097101808274,CA
761,761,395056,"San Diego, CA",17,Upper Tier,2014-12-31,146452.6,2278,0.186654248541849,CA
762,762,395056,"San Diego, CA",17,Bottom Tier,2015-03-31,24333.0,1376,0.678584638145728,CA
763,763,395056,"San Diego, CA",17,Upper Tier,2015-03-31,148028.9,2356,0.1909897324103604,CA
764,764,395056,"San Diego, CA",17,Bottom Tier,2015-06-30,24444.0,1440,0.7069219440353461,CA
765,765,395056,"San Diego, CA",17,Upper Tier,2015-06-30,149605.2,2453,0.1967578667051679,CA
766,766,395056,"San Diego, CA",17,Bottom Tier,2015-09-30,24555.0,1511,0.7384239462431277,CA
767,767,395056,"San Diego, CA",17,Upper Tier,2015-09-30,151181.5,2569,0.2039138386641222,CA
768,768,395056,"San Diego, CA",17,Bottom Tier,2015-12-31,24666.0,1589,0.7730479202140599,CA
769,769,395056,"San Diego, CA",17,Upper Tier,2015-12-31,152757.8,2694,0.2116291279397844,CA
770,770,395056,"San Diego, CA",17,Bottom Tier,2016-03-31,24777.0,1655,0.8015498244339508,CA
771,771,395056,"San Diego, CA",17,Upper Tier,2016-03-31,154334.1,2772,0.2155324066424724,CA
772,772,395056,"San Diego, CA",17,Bottom Tier,2016-06-30,24888.0,1704,0.8216007714561234,CA
773,773,395056,"San Diego, CA",17,Upper Tier,2016-06-30,155910.4,2806,0.215970198267723,CA
774,774,395121,"St. Louis, MO",18,Bottom Tier,2010-12-31,18000.0,622,0.4146666666666667,MO
775,775,395121,"St. Louis, MO",18,Upper Tier,2010-12-31,110750.0,1002,0.108568848758465,MO
776,776,395121,"St. Louis, MO",18,Bottom Tier,2011-03-31,18000.0,623,0.4153333333333333,MO
777,777,395121,"St. Louis, MO",18,Upper Tier,2011-03-31,110875.0,987,0.1068229988726042,MO
778,778,395121,"St. Louis, MO",18,Bottom Tier,2011-06-30,18000.0,624,0.416,MO
779,779,395121,"St. Louis, MO",18,Upper Tier,2011-06-30,111000.0,972,0.105081081081081,MO
780,780,395121,"St. Louis, MO",18,Bottom Tier,2011-09-30,18300.0,626,0.4104918032786885,MO
781,781,395121,"St. Louis, MO",18,Upper Tier,2011-09-30,111750.0,958,0.1028724832214765,MO
782,782,395121,"St. Louis, MO",18,Bottom Tier,2011-12-31,18600.0,629,0.4058064516129032,MO
783,783,395121,"St. Louis, MO",18,Upper Tier,2011-12-31,112500.0,946,0.1009066666666666,MO
784,784,395121,"St. Louis, MO",18,Bottom Tier,2012-03-31,18900.0,633,0.4019047619047619,MO
785,785,395121,"St. Louis, MO",18,Upper Tier,2012-03-31,113250.0,943,0.0999205298013245,MO
786,786,395121,"St. Louis, MO",18,Bottom Tier,2012-06-30,19200.0,636,0.3975,MO
787,787,395121,"St. Louis, MO",18,Upper Tier,2012-06-30,114000.0,949,0.0998947368421052,MO
788,788,395121,"St. Louis, MO",18,Bottom Tier,2012-09-30,19150.0,636,0.3985378590078329,MO
789,789,395121,"St. Louis, MO",18,Upper Tier,2012-09-30,115097.5,950,0.0990464606094832,MO
790,790,395121,"St. Louis, MO",18,Bottom Tier,2012-12-31,19100.0,637,0.4002094240837696,MO
791,791,395121,"St. Louis, MO",18,Upper Tier,2012-12-31,116195.0,949,0.0980076595378458,MO
792,792,395121,"St. Louis, MO",18,Bottom Tier,2013-03-31,19050.0,640,0.4031496062992126,MO
793,793,395121,"St. Louis, MO",18,Upper Tier,2013-03-31,117292.5,949,0.0970906068162926,MO
794,794,395121,"St. Louis, MO",18,Bottom Tier,2013-06-30,19000.0,641,0.4048421052631579,MO
795,795,395121,"St. Louis, MO",18,Upper Tier,2013-06-30,118390.0,951,0.0963932764591604,MO
796,796,395121,"St. Louis, MO",18,Bottom Tier,2013-09-30,19350.0,644,0.3993798449612403,MO
797,797,395121,"St. Louis, MO",18,Upper Tier,2013-09-30,119292.5,953,0.0958652052727539,MO
798,798,395121,"St. Louis, MO",18,Bottom Tier,2013-12-31,19700.0,645,0.3928934010152284,MO
799,799,395121,"St. Louis, MO",18,Upper Tier,2013-12-31,120195.0,954,0.0952452265069262,MO
800,800,395121,"St. Louis, MO",18,Bottom Tier,2014-03-31,20050.0,644,0.3854364089775561,MO
801,801,395121,"St. Louis, MO",18,Upper Tier,2014-03-31,121097.5,953,0.0944363013274427,MO
802,802,395121,"St. Louis, MO",18,Bottom Tier,2014-06-30,20400.0,641,0.3770588235294118,MO
803,803,395121,"St. Louis, MO",18,Upper Tier,2014-06-30,122000.0,953,0.0937377049180328,MO
804,804,395121,"St. Louis, MO",18,Bottom Tier,2014-09-30,20494.35,640,0.3747374276324938,MO
805,805,395121,"St. Louis, MO",18,Upper Tier,2014-09-30,123342.0,955,0.0929123899401663,MO
806,806,395121,"St. Louis, MO",18,Bottom Tier,2014-12-31,20588.7,642,0.3741858398053301,MO
807,807,395121,"St. Louis, MO",18,Upper Tier,2014-12-31,124684.0,961,0.092489814250425,MO
808,808,395121,"St. Louis, MO",18,Bottom Tier,2015-03-31,20683.05,648,0.3759600252380572,MO
809,809,395121,"St. Louis, MO",18,Upper Tier,2015-03-31,126026.0,970,0.0923618935775157,MO
810,810,395121,"St. Louis, MO",18,Bottom Tier,2015-06-30,20777.4,657,0.3794507493719137,MO
811,811,395121,"St. Louis, MO",18,Upper Tier,2015-06-30,127368.0,981,0.0924250989259468,MO
812,812,395121,"St. Louis, MO",18,Bottom Tier,2015-09-30,20871.75,666,0.3829099141183657,MO
813,813,395121,"St. Louis, MO",18,Upper Tier,2015-09-30,128710.0,997,0.0929531504933571,MO
814,814,395121,"St. Louis, MO",18,Bottom Tier,2015-12-31,20966.1,674,0.3857655930287464,MO
815,815,395121,"St. Louis, MO",18,Upper Tier,2015-12-31,130052.0,1017,0.0938393873219942,MO
816,816,395121,"St. Louis, MO",18,Bottom Tier,2016-03-31,21060.45,677,0.3857467433032057,MO
817,817,395121,"St. Louis, MO",18,Upper Tier,2016-03-31,131394.0,1030,0.0940682222932554,MO
818,818,395121,"St. Louis, MO",18,Bottom Tier,2016-06-30,21154.8,679,0.3851608145669068,MO
819,819,395121,"St. Louis, MO",18,Upper Tier,2016-06-30,132736.0,1035,0.0935691899710704,MO
820,820,395148,"Tampa, FL",19,Bottom Tier,2010-12-31,16200.0,687,0.5088888888888888,FL
821,821,395148,"Tampa, FL",19,Upper Tier,2010-12-31,98000.0,1026,0.1256326530612244,FL
822,822,395148,"Tampa, FL",19,Bottom Tier,2011-03-31,16350.0,689,0.5056880733944954,FL
823,823,395148,"Tampa, FL",19,Upper Tier,2011-03-31,99000.0,1040,0.126060606060606,FL
824,824,395148,"Tampa, FL",19,Bottom Tier,2011-06-30,16500.0,692,0.5032727272727273,FL
825,825,395148,"Tampa, FL",19,Upper Tier,2011-06-30,100000.0,1056,0.12672,FL
826,826,395148,"Tampa, FL",19,Bottom Tier,2011-09-30,16475.0,694,0.5054931714719272,FL
827,827,395148,"Tampa, FL",19,Upper Tier,2011-09-30,100225.0,1072,0.1283512097779995,FL
828,828,395148,"Tampa, FL",19,Bottom Tier,2011-12-31,16450.0,695,0.5069908814589665,FL
829,829,395148,"Tampa, FL",19,Upper Tier,2011-12-31,100450.0,1088,0.1299751119960179,FL
830,830,395148,"Tampa, FL",19,Bottom Tier,2012-03-31,16425.0,697,0.5092237442922375,FL
831,831,395148,"Tampa, FL",19,Upper Tier,2012-03-31,100675.0,1104,0.1315917556493668,FL
832,832,395148,"Tampa, FL",19,Bottom Tier,2012-06-30,16400.0,703,0.514390243902439,FL
833,833,395148,"Tampa, FL",19,Upper Tier,2012-06-30,100900.0,1116,0.1327254707631318,FL
834,834,395148,"Tampa, FL",19,Bottom Tier,2012-09-30,16650.0,708,0.5102702702702703,FL
835,835,395148,"Tampa, FL",19,Upper Tier,2012-09-30,101875.0,1120,0.1319263803680981,FL
836,836,395148,"Tampa, FL",19,Bottom Tier,2012-12-31,16900.0,714,0.50698224852071,FL
837,837,395148,"Tampa, FL",19,Upper Tier,2012-12-31,102850.0,1126,0.1313757899854156,FL
838,838,395148,"Tampa, FL",19,Bottom Tier,2013-03-31,17150.0,722,0.5051895043731779,FL
839,839,395148,"Tampa, FL",19,Upper Tier,2013-03-31,103825.0,1138,0.1315290151697568,FL
840,840,395148,"Tampa, FL",19,Bottom Tier,2013-06-30,17400.0,731,0.5041379310344828,FL
841,841,395148,"Tampa, FL",19,Upper Tier,2013-06-30,104800.0,1150,0.1316793893129771,FL
842,842,395148,"Tampa, FL",19,Bottom Tier,2013-09-30,17550.0,741,0.5066666666666667,FL
843,843,395148,"Tampa, FL",19,Upper Tier,2013-09-30,105425.0,1165,0.1326061180934313,FL
844,844,395148,"Tampa, FL",19,Bottom Tier,2013-12-31,17700.0,755,0.511864406779661,FL
845,845,395148,"Tampa, FL",19,Upper Tier,2013-12-31,106050.0,1181,0.1336350777934936,FL
846,846,395148,"Tampa, FL",19,Bottom Tier,2014-03-31,17850.0,768,0.5163025210084033,FL
847,847,395148,"Tampa, FL",19,Upper Tier,2014-03-31,106675.0,1192,0.1340895242559175,FL
848,848,395148,"Tampa, FL",19,Bottom Tier,2014-06-30,18000.0,780,0.52,FL
849,849,395148,"Tampa, FL",19,Upper Tier,2014-06-30,107300.0,1207,0.1349860205032619,FL
850,850,395148,"Tampa, FL",19,Bottom Tier,2014-09-30,18083.25,790,0.5242420471983742,FL
851,851,395148,"Tampa, FL",19,Upper Tier,2014-09-30,108480.3,1226,0.1356190939737445,FL
852,852,395148,"Tampa, FL",19,Bottom Tier,2014-12-31,18166.5,800,0.5284452150937164,FL
853,853,395148,"Tampa, FL",19,Upper Tier,2014-12-31,109660.6,1245,0.1362385396395788,FL
854,854,395148,"Tampa, FL",19,Bottom Tier,2015-03-31,18249.75,812,0.5339251222619488,FL
855,855,395148,"Tampa, FL",19,Upper Tier,2015-03-31,110840.9,1269,0.1373861092791559,FL
856,856,395148,"Tampa, FL",19,Bottom Tier,2015-06-30,18333.0,826,0.5406643757159221,FL
857,857,395148,"Tampa, FL",19,Upper Tier,2015-06-30,112021.2,1298,0.1390451093185932,FL
858,858,395148,"Tampa, FL",19,Bottom Tier,2015-09-30,18416.25,845,0.5506006923233557,FL
859,859,395148,"Tampa, FL",19,Upper Tier,2015-09-30,113201.5,1335,0.1415175593962977,FL
860,860,395148,"Tampa, FL",19,Bottom Tier,2015-12-31,18499.5,872,0.5656369091056515,FL
861,861,395148,"Tampa, FL",19,Upper Tier,2015-12-31,114381.8,1387,0.1455126602309108,FL
862,862,395148,"Tampa, FL",19,Bottom Tier,2016-03-31,18582.75,898,0.5798926423699399,FL
863,863,395148,"Tampa, FL",19,Upper Tier,2016-03-31,115562.1,1427,0.1481800694172224,FL
864,864,395148,"Tampa, FL",19,Bottom Tier,2016-06-30,18666.0,919,0.5908068145290903,FL
865,865,395148,"Tampa, FL",19,Upper Tier,2016-06-30,116742.4,1448,0.1488405240940738,FL
866,866,394358,"Baltimore, MD",20,Bottom Tier,2010-12-31,21750.0,928,0.512,MD
867,867,394358,"Baltimore, MD",20,Upper Tier,2010-12-31,142000.0,1431,0.1209295774647887,MD
868,868,394358,"Baltimore, MD",20,Bottom Tier,2011-03-31,21975.0,925,0.5051194539249146,MD
869,869,394358,"Baltimore, MD",20,Upper Tier,2011-03-31,142800.0,1470,0.1235294117647058,MD
870,870,394358,"Baltimore, MD",20,Bottom Tier,2011-06-30,22200.0,924,0.4994594594594594,MD
871,871,394358,"Baltimore, MD",20,Upper Tier,2011-06-30,143600.0,1515,0.1266016713091922,MD
872,872,394358,"Baltimore, MD",20,Bottom Tier,2011-09-30,22425.0,924,0.494448160535117,MD
873,873,394358,"Baltimore, MD",20,Upper Tier,2011-09-30,143950.0,1563,0.130295241403265,MD
874,874,394358,"Baltimore, MD",20,Bottom Tier,2011-12-31,22650.0,937,0.4964238410596026,MD
875,875,394358,"Baltimore, MD",20,Upper Tier,2011-12-31,144300.0,1632,0.1357172557172557,MD
876,876,394358,"Baltimore, MD",20,Bottom Tier,2012-03-31,22875.0,953,0.4999344262295082,MD
877,877,394358,"Baltimore, MD",20,Upper Tier,2012-03-31,144650.0,1696,0.1406982371240926,MD
878,878,394358,"Baltimore, MD",20,Bottom Tier,2012-06-30,23100.0,966,0.5018181818181818,MD
879,879,394358,"Baltimore, MD",20,Upper Tier,2012-06-30,145000.0,1739,0.1439172413793103,MD
880,880,394358,"Baltimore, MD",20,Bottom Tier,2012-09-30,23100.0,973,0.5054545454545455,MD
881,881,394358,"Baltimore, MD",20,Upper Tier,2012-09-30,146250.0,1751,0.1436717948717948,MD
882,882,394358,"Baltimore, MD",20,Bottom Tier,2012-12-31,23100.0,974,0.505974025974026,MD
883,883,394358,"Baltimore, MD",20,Upper Tier,2012-12-31,147500.0,1754,0.1426983050847457,MD
884,884,394358,"Baltimore, MD",20,Bottom Tier,2013-03-31,23100.0,975,0.5064935064935064,MD
885,885,394358,"Baltimore, MD",20,Upper Tier,2013-03-31,148750.0,1752,0.1413378151260504,MD
886,886,394358,"Baltimore, MD",20,Bottom Tier,2013-06-30,23100.0,976,0.507012987012987,MD
887,887,394358,"Baltimore, MD",20,Upper Tier,2013-06-30,150000.0,1744,0.13952,MD
888,888,394358,"Baltimore, MD",20,Bottom Tier,2013-09-30,23532.5,980,0.499734409858706,MD
889,889,394358,"Baltimore, MD",20,Upper Tier,2013-09-30,150750.0,1735,0.1381094527363184,MD
890,890,394358,"Baltimore, MD",20,Bottom Tier,2013-12-31,23965.0,986,0.4937200083455038,MD
891,891,394358,"Baltimore, MD",20,Upper Tier,2013-12-31,151500.0,1724,0.1365544554455445,MD
892,892,394358,"Baltimore, MD",20,Bottom Tier,2014-03-31,24397.5,992,0.4879188441438672,MD
893,893,394358,"Baltimore, MD",20,Upper Tier,2014-03-31,152250.0,1720,0.1355665024630541,MD
894,894,394358,"Baltimore, MD",20,Bottom Tier,2014-06-30,24830.0,999,0.482803060813532,MD
895,895,394358,"Baltimore, MD",20,Upper Tier,2014-06-30,153000.0,1731,0.1357647058823529,MD
896,896,394358,"Baltimore, MD",20,Bottom Tier,2014-09-30,24944.83875,1005,0.4834667451999464,MD
897,897,394358,"Baltimore, MD",20,Upper Tier,2014-09-30,154683.0,1747,0.1355287911405907,MD
898,898,394358,"Baltimore, MD",20,Bottom Tier,2014-12-31,25059.6775,1009,0.4831666329305314,MD
899,899,394358,"Baltimore, MD",20,Upper Tier,2014-12-31,156366.0,1766,0.1355281838762902,MD
900,900,394358,"Baltimore, MD",20,Bottom Tier,2015-03-31,25174.51625,1014,0.4833459312251928,MD
901,901,394358,"Baltimore, MD",20,Upper Tier,2015-03-31,158049.0,1775,0.1347683313402805,MD
902,902,394358,"Baltimore, MD",20,Bottom Tier,2015-06-30,25289.355,1012,0.4802020454851458,MD
903,903,394358,"Baltimore, MD",20,Upper Tier,2015-06-30,159732.0,1767,0.1327473518142889,MD
904,904,394358,"Baltimore, MD",20,Bottom Tier,2015-09-30,25404.19375,1009,0.4766142204375213,MD
905,905,394358,"Baltimore, MD",20,Upper Tier,2015-09-30,161415.0,1752,0.1302481182046278,MD
906,906,394358,"Baltimore, MD",20,Bottom Tier,2015-12-31,25519.0325,1012,0.4758801102667195,MD
907,907,394358,"Baltimore, MD",20,Upper Tier,2015-12-31,163098.0,1737,0.1278004635249972,MD
908,908,394358,"Baltimore, MD",20,Bottom Tier,2016-03-31,25633.87125,1019,0.4770251001397224,MD
909,909,394358,"Baltimore, MD",20,Upper Tier,2016-03-31,164781.0,1726,0.1256941030822728,MD
910,910,394358,"Baltimore, MD",20,Bottom Tier,2016-06-30,25748.71,1030,0.4800240478066668,MD
911,911,394358,"Baltimore, MD",20,Upper Tier,2016-06-30,166464.0,1718,0.1238465974625144,MD
912,912,394530,"Denver, CO",21,Bottom Tier,2010-12-31,22350.0,718,0.385503355704698,CO
913,913,394530,"Denver, CO",21,Upper Tier,2010-12-31,128900.0,1142,0.1063149728471683,CO
914,914,394530,"Denver, CO",21,Bottom Tier,2011-03-31,22675.0,721,0.3815656008820287,CO
915,915,394530,"Denver, CO",21,Upper Tier,2011-03-31,129500.0,1186,0.1098996138996139,CO
916,916,394530,"Denver, CO",21,Bottom Tier,2011-06-30,23000.0,725,0.3782608695652174,CO
917,917,394530,"Denver, CO",21,Upper Tier,2011-06-30,130100.0,1230,0.1134511913912375,CO
918,918,394530,"Denver, CO",21,Bottom Tier,2011-09-30,23050.0,730,0.3800433839479392,CO
919,919,394530,"Denver, CO",21,Upper Tier,2011-09-30,131325.0,1273,0.1163221016561964,CO
920,920,394530,"Denver, CO",21,Bottom Tier,2011-12-31,23100.0,750,0.3896103896103896,CO
921,921,394530,"Denver, CO",21,Upper Tier,2011-12-31,132550.0,1310,0.1185967559411542,CO
922,922,394530,"Denver, CO",21,Bottom Tier,2012-03-31,23150.0,771,0.3996544276457883,CO
923,923,394530,"Denver, CO",21,Upper Tier,2012-03-31,133775.0,1343,0.1204709400112128,CO
924,924,394530,"Denver, CO",21,Bottom Tier,2012-06-30,23200.0,789,0.4081034482758621,CO
925,925,394530,"Denver, CO",21,Upper Tier,2012-06-30,135000.0,1377,0.1224,CO
926,926,394530,"Denver, CO",21,Bottom Tier,2012-09-30,23650.0,806,0.4089640591966173,CO
927,927,394530,"Denver, CO",21,Upper Tier,2012-09-30,136400.0,1411,0.1241348973607038,CO
928,928,394530,"Denver, CO",21,Bottom Tier,2012-12-31,24100.0,818,0.4073029045643153,CO
929,929,394530,"Denver, CO",21,Upper Tier,2012-12-31,137800.0,1442,0.1255732946298984,CO
930,930,394530,"Denver, CO",21,Bottom Tier,2013-03-31,24550.0,824,0.4027698574338085,CO
931,931,394530,"Denver, CO",21,Upper Tier,2013-03-31,139200.0,1468,0.126551724137931,CO
932,932,394530,"Denver, CO",21,Bottom Tier,2013-06-30,25000.0,832,0.39936,CO
933,933,394530,"Denver, CO",21,Upper Tier,2013-06-30,140600.0,1488,0.1269985775248933,CO
934,934,394530,"Denver, CO",21,Bottom Tier,2013-09-30,25500.0,846,0.3981176470588235,CO
935,935,394530,"Denver, CO",21,Upper Tier,2013-09-30,141950.0,1501,0.1268897499119408,CO
936,936,394530,"Denver, CO",21,Bottom Tier,2013-12-31,26000.0,865,0.3992307692307692,CO
937,937,394530,"Denver, CO",21,Upper Tier,2013-12-31,143300.0,1516,0.126950453593859,CO
938,938,394530,"Denver, CO",21,Bottom Tier,2014-03-31,26500.0,895,0.4052830188679245,CO
939,939,394530,"Denver, CO",21,Upper Tier,2014-03-31,144650.0,1543,0.1280055305910819,CO
940,940,394530,"Denver, CO",21,Bottom Tier,2014-06-30,27000.0,934,0.4151111111111111,CO
941,941,394530,"Denver, CO",21,Upper Tier,2014-06-30,146000.0,1590,0.1306849315068493,CO
942,942,394530,"Denver, CO",21,Bottom Tier,2014-09-30,27124.875,977,0.4322231899686173,CO
943,943,394530,"Denver, CO",21,Upper Tier,2014-09-30,147606.0,1649,0.1340595910735336,CO
944,944,394530,"Denver, CO",21,Bottom Tier,2014-12-31,27249.75,1021,0.449618803842237,CO
945,945,394530,"Denver, CO",21,Upper Tier,2014-12-31,149212.0,1704,0.1370399163606144,CO
946,946,394530,"Denver, CO",21,Bottom Tier,2015-03-31,27374.625,1055,0.4624720886587487,CO
947,947,394530,"Denver, CO",21,Upper Tier,2015-03-31,150818.0,1755,0.1396385046877693,CO
948,948,394530,"Denver, CO",21,Bottom Tier,2015-06-30,27499.5,1072,0.4677903234604265,CO
949,949,394530,"Denver, CO",21,Upper Tier,2015-06-30,152424.0,1808,0.1423397890096047,CO
950,950,394530,"Denver, CO",21,Bottom Tier,2015-09-30,27624.375,1086,0.471757279576461,CO
951,951,394530,"Denver, CO",21,Upper Tier,2015-09-30,154030.0,1861,0.1449847432318379,CO
952,952,394530,"Denver, CO",21,Bottom Tier,2015-12-31,27749.25,1106,0.4782831968431579,CO
953,953,394530,"Denver, CO",21,Upper Tier,2015-12-31,155636.0,1922,0.1481919350278855,CO
954,954,394530,"Denver, CO",21,Bottom Tier,2016-03-31,27874.125,1126,0.4847506423968465,CO
955,955,394530,"Denver, CO",21,Upper Tier,2016-03-31,157242.0,1968,0.1501888808333651,CO
956,956,394530,"Denver, CO",21,Bottom Tier,2016-06-30,27999.0,1141,0.4890174649094611,CO
957,957,394530,"Denver, CO",21,Upper Tier,2016-06-30,158848.0,1979,0.1495014101531023,CO
958,958,394982,"Pittsburgh, PA",22,Bottom Tier,2010-12-31,17350.0,735,0.5083573487031701,PA
959,959,394982,"Pittsburgh, PA",22,Upper Tier,2010-12-31,105565.0,1044,0.1186756974375976,PA
960,960,394982,"Pittsburgh, PA",22,Bottom Tier,2011-03-31,17625.0,695,0.4731914893617021,PA
961,961,394982,"Pittsburgh, PA",22,Upper Tier,2011-03-31,106847.5,987,0.1108495753293245,PA
962,962,394982,"Pittsburgh, PA",22,Bottom Tier,2011-06-30,17900.0,658,0.4411173184357542,PA
963,963,394982,"Pittsburgh, PA",22,Upper Tier,2011-06-30,108130.0,937,0.1039859428465735,PA
964,964,394982,"Pittsburgh, PA",22,Bottom Tier,2011-09-30,17725.0,626,0.4238081805359661,PA
965,965,394982,"Pittsburgh, PA",22,Upper Tier,2011-09-30,108802.5,899,0.0991521334528158,PA
966,966,394982,"Pittsburgh, PA",22,Bottom Tier,2011-12-31,17550.0,628,0.4294017094017094,PA
967,967,394982,"Pittsburgh, PA",22,Upper Tier,2011-12-31,109475.0,930,0.1019410824389129,PA
968,968,394982,"Pittsburgh, PA",22,Bottom Tier,2012-03-31,17375.0,638,0.4406330935251799,PA
969,969,394982,"Pittsburgh, PA",22,Upper Tier,2012-03-31,110147.5,967,0.1053496447944801,PA
970,970,394982,"Pittsburgh, PA",22,Bottom Tier,2012-06-30,17200.0,648,0.4520930232558139,PA
971,971,394982,"Pittsburgh, PA",22,Upper Tier,2012-06-30,110820.0,991,0.107309149972929,PA
972,972,394982,"Pittsburgh, PA",22,Bottom Tier,2012-09-30,17400.0,651,0.4489655172413793,PA
973,973,394982,"Pittsburgh, PA",22,Upper Tier,2012-09-30,111865.0,1007,0.1080230635140571,PA
974,974,394982,"Pittsburgh, PA",22,Bottom Tier,2012-12-31,17600.0,652,0.4445454545454545,PA
975,975,394982,"Pittsburgh, PA",22,Upper Tier,2012-12-31,112910.0,1031,0.1095739969887521,PA
976,976,394982,"Pittsburgh, PA",22,Bottom Tier,2013-03-31,17800.0,659,0.4442696629213483,PA
977,977,394982,"Pittsburgh, PA",22,Upper Tier,2013-03-31,113955.0,1080,0.1137291035935237,PA
978,978,394982,"Pittsburgh, PA",22,Bottom Tier,2013-06-30,18000.0,670,0.4466666666666666,PA
979,979,394982,"Pittsburgh, PA",22,Upper Tier,2013-06-30,115000.0,1140,0.1189565217391304,PA
980,980,394982,"Pittsburgh, PA",22,Bottom Tier,2013-09-30,18175.0,680,0.448968363136176,PA
981,981,394982,"Pittsburgh, PA",22,Upper Tier,2013-09-30,116000.0,1186,0.1226896551724137,PA
982,982,394982,"Pittsburgh, PA",22,Bottom Tier,2013-12-31,18350.0,688,0.4499182561307902,PA
983,983,394982,"Pittsburgh, PA",22,Upper Tier,2013-12-31,117000.0,1203,0.1233846153846153,PA
984,984,394982,"Pittsburgh, PA",22,Bottom Tier,2014-03-31,18525.0,695,0.4502024291497976,PA
985,985,394982,"Pittsburgh, PA",22,Upper Tier,2014-03-31,118000.0,1199,0.1219322033898305,PA
986,986,394982,"Pittsburgh, PA",22,Bottom Tier,2014-06-30,18700.0,704,0.4517647058823529,PA
987,987,394982,"Pittsburgh, PA",22,Upper Tier,2014-06-30,119000.0,1189,0.1198991596638655,PA
988,988,394982,"Pittsburgh, PA",22,Bottom Tier,2014-09-30,18786.4875,710,0.4535174550325067,PA
989,989,394982,"Pittsburgh, PA",22,Upper Tier,2014-09-30,120309.0,1173,0.1169987282746926,PA
990,990,394982,"Pittsburgh, PA",22,Bottom Tier,2014-12-31,18872.975,714,0.4539824802396019,PA
991,991,394982,"Pittsburgh, PA",22,Upper Tier,2014-12-31,121618.0,1155,0.1139633935766087,PA
992,992,394982,"Pittsburgh, PA",22,Bottom Tier,2015-03-31,18959.4625,722,0.4569749801715106,PA
993,993,394982,"Pittsburgh, PA",22,Upper Tier,2015-03-31,122927.0,1148,0.1120665110187347,PA
994,994,394982,"Pittsburgh, PA",22,Bottom Tier,2015-06-30,19045.95,735,0.4630905783119245,PA
995,995,394982,"Pittsburgh, PA",22,Upper Tier,2015-06-30,124236.0,1154,0.1114652757654786,PA
996,996,394982,"Pittsburgh, PA",22,Bottom Tier,2015-09-30,19132.4375,755,0.4735413352323769,PA
997,997,394982,"Pittsburgh, PA",22,Upper Tier,2015-09-30,125545.0,1190,0.1137440758293838,PA
998,998,394982,"Pittsburgh, PA",22,Bottom Tier,2015-12-31,19218.925,782,0.4882687247075474,PA
999,999,394982,"Pittsburgh, PA",22,Upper Tier,2015-12-31,126854.0,1242,0.117489397259842,PA
1000,1000,394982,"Pittsburgh, PA",22,Bottom Tier,2016-03-31,19305.4125,800,0.497269871855885,PA
1001,1001,394982,"Pittsburgh, PA",22,Upper Tier,2016-03-31,128163.0,1267,0.118630181877765,PA
1002,1002,394982,"Pittsburgh, PA",22,Bottom Tier,2016-06-30,19391.9,806,0.4987649482515895,PA
1003,1003,394982,"Pittsburgh, PA",22,Upper Tier,2016-06-30,129472.0,1266,0.1173381117152743,PA
1004,1004,394998,"Portland, OR",23,Bottom Tier,2010-12-31,19805.0,692,0.4192880585710679,OR
1005,1005,394998,"Portland, OR",23,Upper Tier,2010-12-31,116000.0,1070,0.1106896551724137,OR
1006,1006,394998,"Portland, OR",23,Bottom Tier,2011-03-31,20152.5,699,0.4162262746557499,OR
1007,1007,394998,"Portland, OR",23,Upper Tier,2011-03-31,117000.0,1063,0.109025641025641,OR
1008,1008,394998,"Portland, OR",23,Bottom Tier,2011-06-30,20500.0,706,0.4132682926829268,OR
1009,1009,394998,"Portland, OR",23,Upper Tier,2011-06-30,118000.0,1061,0.1078983050847457,OR
1010,1010,394998,"Portland, OR",23,Bottom Tier,2011-09-30,20675.0,714,0.4144135429262394,OR
1011,1011,394998,"Portland, OR",23,Upper Tier,2011-09-30,118900.0,1065,0.1074852817493692,OR
1012,1012,394998,"Portland, OR",23,Bottom Tier,2011-12-31,20850.0,726,0.417841726618705,OR
1013,1013,394998,"Portland, OR",23,Upper Tier,2011-12-31,119800.0,1112,0.1113856427378965,OR
1014,1014,394998,"Portland, OR",23,Bottom Tier,2012-03-31,21025.0,740,0.4223543400713436,OR
1015,1015,394998,"Portland, OR",23,Upper Tier,2012-03-31,120700.0,1154,0.1147307373653686,OR
1016,1016,394998,"Portland, OR",23,Bottom Tier,2012-06-30,21200.0,754,0.4267924528301887,OR
1017,1017,394998,"Portland, OR",23,Upper Tier,2012-06-30,121600.0,1178,0.11625,OR
1018,1018,394998,"Portland, OR",23,Bottom Tier,2012-09-30,21300.0,767,0.432112676056338,OR
1019,1019,394998,"Portland, OR",23,Upper Tier,2012-09-30,122275.0,1195,0.1172766305459006,OR
1020,1020,394998,"Portland, OR",23,Bottom Tier,2012-12-31,21400.0,778,0.4362616822429906,OR
1021,1021,394998,"Portland, OR",23,Upper Tier,2012-12-31,122950.0,1212,0.1182919886132574,OR
1022,1022,394998,"Portland, OR",23,Bottom Tier,2013-03-31,21500.0,788,0.4398139534883721,OR
1023,1023,394998,"Portland, OR",23,Upper Tier,2013-03-31,123625.0,1237,0.1200728008088978,OR
1024,1024,394998,"Portland, OR",23,Bottom Tier,2013-06-30,21600.0,799,0.4438888888888889,OR
1025,1025,394998,"Portland, OR",23,Upper Tier,2013-06-30,124300.0,1269,0.122510056315366,OR
1026,1026,394998,"Portland, OR",23,Bottom Tier,2013-09-30,22200.0,813,0.4394594594594594,OR
1027,1027,394998,"Portland, OR",23,Upper Tier,2013-09-30,126875.0,1299,0.1228610837438423,OR
1028,1028,394998,"Portland, OR",23,Bottom Tier,2013-12-31,22800.0,829,0.4363157894736842,OR
1029,1029,394998,"Portland, OR",23,Upper Tier,2013-12-31,129450.0,1321,0.1224565469293163,OR
1030,1030,394998,"Portland, OR",23,Bottom Tier,2014-03-31,23400.0,849,0.4353846153846153,OR
1031,1031,394998,"Portland, OR",23,Upper Tier,2014-03-31,132025.0,1340,0.121795114561636,OR
1032,1032,394998,"Portland, OR",23,Bottom Tier,2014-06-30,24000.0,870,0.435,OR
1033,1033,394998,"Portland, OR",23,Upper Tier,2014-06-30,134600.0,1363,0.1215156017830609,OR
1034,1034,394998,"Portland, OR",23,Bottom Tier,2014-09-30,24111.0,892,0.44394674629837,OR
1035,1035,394998,"Portland, OR",23,Upper Tier,2014-09-30,136080.6,1389,0.1224862324240192,OR
1036,1036,394998,"Portland, OR",23,Bottom Tier,2014-12-31,24222.0,913,0.4523160762942779,OR
1037,1037,394998,"Portland, OR",23,Upper Tier,2014-12-31,137561.2,1416,0.1235232027635699,OR
1038,1038,394998,"Portland, OR",23,Bottom Tier,2015-03-31,24333.0,941,0.4640611515226236,OR
1039,1039,394998,"Portland, OR",23,Upper Tier,2015-03-31,139041.8,1452,0.1253148333810408,OR
1040,1040,394998,"Portland, OR",23,Bottom Tier,2015-06-30,24444.0,979,0.4806087383406971,OR
1041,1041,394998,"Portland, OR",23,Upper Tier,2015-06-30,140522.4,1496,0.1277518744342539,OR
1042,1042,394998,"Portland, OR",23,Bottom Tier,2015-09-30,24555.0,1032,0.5043372021991448,OR
1043,1043,394998,"Portland, OR",23,Upper Tier,2015-09-30,142003.0,1575,0.1330957796666267,OR
1044,1044,394998,"Portland, OR",23,Bottom Tier,2015-12-31,24666.0,1097,0.5336900997324252,OR
1045,1045,394998,"Portland, OR",23,Upper Tier,2015-12-31,143483.6,1699,0.1420928942401779,OR
1046,1046,394998,"Portland, OR",23,Bottom Tier,2016-03-31,24777.0,1151,0.5574524760866933,OR
1047,1047,394998,"Portland, OR",23,Upper Tier,2016-03-31,144964.2,1780,0.1473467242257053,OR
1048,1048,394998,"Portland, OR",23,Bottom Tier,2016-06-30,24888.0,1185,0.5713596914175506,OR
1049,1049,394998,"Portland, OR",23,Upper Tier,2016-06-30,146444.8,1815,0.1487249803338869,OR
1050,1050,394458,"Charlotte, NC",24,Bottom Tier,2010-12-31,17995.0,693,0.4621283689913865,NC
1051,1051,394458,"Charlotte, NC",24,Upper Tier,2010-12-31,109730.0,1167,0.127622345757769,NC
1052,1052,394458,"Charlotte, NC",24,Bottom Tier,2011-03-31,17997.5,674,0.4493957494096402,NC
1053,1053,394458,"Charlotte, NC",24,Upper Tier,2011-03-31,109595.0,1126,0.1232902960901501,NC
1054,1054,394458,"Charlotte, NC",24,Bottom Tier,2011-06-30,18000.0,657,0.438,NC
1055,1055,394458,"Charlotte, NC",24,Upper Tier,2011-06-30,109460.0,1090,0.1194957061940434,NC
1056,1056,394458,"Charlotte, NC",24,Bottom Tier,2011-09-30,18125.0,643,0.4257103448275862,NC
1057,1057,394458,"Charlotte, NC",24,Upper Tier,2011-09-30,110745.0,1060,0.1148584586211567,NC
1058,1058,394458,"Charlotte, NC",24,Bottom Tier,2011-12-31,18250.0,650,0.4273972602739726,NC
1059,1059,394458,"Charlotte, NC",24,Upper Tier,2011-12-31,112030.0,1073,0.1149334999553691,NC
1060,1060,394458,"Charlotte, NC",24,Bottom Tier,2012-03-31,18375.0,660,0.4310204081632653,NC
1061,1061,394458,"Charlotte, NC",24,Upper Tier,2012-03-31,113315.0,1100,0.1164894321140184,NC
1062,1062,394458,"Charlotte, NC",24,Bottom Tier,2012-06-30,18500.0,666,0.432,NC
1063,1063,394458,"Charlotte, NC",24,Upper Tier,2012-06-30,114600.0,1132,0.1185340314136125,NC
1064,1064,394458,"Charlotte, NC",24,Bottom Tier,2012-09-30,18600.0,668,0.4309677419354839,NC
1065,1065,394458,"Charlotte, NC",24,Upper Tier,2012-09-30,115450.0,1160,0.1205716760502382,NC
1066,1066,394458,"Charlotte, NC",24,Bottom Tier,2012-12-31,18700.0,673,0.4318716577540107,NC
1067,1067,394458,"Charlotte, NC",24,Upper Tier,2012-12-31,116300.0,1183,0.1220636285468615,NC
1068,1068,394458,"Charlotte, NC",24,Bottom Tier,2013-03-31,18800.0,686,0.4378723404255319,NC
1069,1069,394458,"Charlotte, NC",24,Upper Tier,2013-03-31,117150.0,1204,0.1233290653008962,NC
1070,1070,394458,"Charlotte, NC",24,Bottom Tier,2013-06-30,18900.0,708,0.4495238095238095,NC
1071,1071,394458,"Charlotte, NC",24,Upper Tier,2013-06-30,118000.0,1220,0.1240677966101694,NC
1072,1072,394458,"Charlotte, NC",24,Bottom Tier,2013-09-30,19125.0,732,0.4592941176470588,NC
1073,1073,394458,"Charlotte, NC",24,Upper Tier,2013-09-30,118750.0,1230,0.1242947368421052,NC
1074,1074,394458,"Charlotte, NC",24,Bottom Tier,2013-12-31,19350.0,753,0.4669767441860465,NC
1075,1075,394458,"Charlotte, NC",24,Upper Tier,2013-12-31,119500.0,1234,0.1239163179916318,NC
1076,1076,394458,"Charlotte, NC",24,Bottom Tier,2014-03-31,19575.0,766,0.4695785440613026,NC
1077,1077,394458,"Charlotte, NC",24,Upper Tier,2014-03-31,120250.0,1241,0.1238419958419958,NC
1078,1078,394458,"Charlotte, NC",24,Bottom Tier,2014-06-30,19800.0,771,0.4672727272727273,NC
1079,1079,394458,"Charlotte, NC",24,Upper Tier,2014-06-30,121000.0,1254,0.1243636363636363,NC
1080,1080,394458,"Charlotte, NC",24,Bottom Tier,2014-09-30,19891.575,772,0.4657248106296258,NC
1081,1081,394458,"Charlotte, NC",24,Upper Tier,2014-09-30,122331.0,1273,0.1248743164038551,NC
1082,1082,394458,"Charlotte, NC",24,Bottom Tier,2014-12-31,19983.15,773,0.4641910809857304,NC
1083,1083,394458,"Charlotte, NC",24,Upper Tier,2014-12-31,123662.0,1297,0.1258591968430075,NC
1084,1084,394458,"Charlotte, NC",24,Bottom Tier,2015-03-31,20074.725,773,0.462073577595708,NC
1085,1085,394458,"Charlotte, NC",24,Upper Tier,2015-03-31,124993.0,1322,0.1269191074700183,NC
1086,1086,394458,"Charlotte, NC",24,Bottom Tier,2015-06-30,20166.3,775,0.4611654096190178,NC
1087,1087,394458,"Charlotte, NC",24,Upper Tier,2015-06-30,126324.0,1346,0.1278616889902156,NC
1088,1088,394458,"Charlotte, NC",24,Bottom Tier,2015-09-30,20257.875,787,0.4661890746191296,NC
1089,1089,394458,"Charlotte, NC",24,Upper Tier,2015-09-30,127655.0,1376,0.1293486349927539,NC
1090,1090,394458,"Charlotte, NC",24,Bottom Tier,2015-12-31,20349.45,809,0.4770644906864804,NC
1091,1091,394458,"Charlotte, NC",24,Upper Tier,2015-12-31,128986.0,1420,0.1321073604887352,NC
1092,1092,394458,"Charlotte, NC",24,Bottom Tier,2016-03-31,20441.025,832,0.4884295185784469,NC
1093,1093,394458,"Charlotte, NC",24,Upper Tier,2016-03-31,130317.0,1451,0.1336126522249591,NC
1094,1094,394458,"Charlotte, NC",24,Bottom Tier,2016-06-30,20532.6,853,0.4985242979457059,NC
1095,1095,394458,"Charlotte, NC",24,Upper Tier,2016-06-30,131648.0,1470,0.1339936801166747,NC
1096,1096,395045,"Sacramento, CA",25,Bottom Tier,2010-12-31,19200.0,727,0.454375,CA
1097,1097,395045,"Sacramento, CA",25,Upper Tier,2010-12-31,119450.0,1282,0.1287902888237756,CA
1098,1098,395045,"Sacramento, CA",25,Bottom Tier,2011-03-31,19200.0,732,0.4575,CA
1099,1099,395045,"Sacramento, CA",25,Upper Tier,2011-03-31,120325.0,1263,0.1259588614169956,CA
1100,1100,395045,"Sacramento, CA",25,Bottom Tier,2011-06-30,19200.0,735,0.459375,CA
1101,1101,395045,"Sacramento, CA",25,Upper Tier,2011-06-30,121200.0,1246,0.1233663366336633,CA
1102,1102,395045,"Sacramento, CA",25,Bottom Tier,2011-09-30,19275.0,738,0.4594552529182879,CA
1103,1103,395045,"Sacramento, CA",25,Upper Tier,2011-09-30,122000.0,1230,0.120983606557377,CA
1104,1104,395045,"Sacramento, CA",25,Bottom Tier,2011-12-31,19350.0,739,0.4582945736434108,CA
1105,1105,395045,"Sacramento, CA",25,Upper Tier,2011-12-31,122800.0,1227,0.1199022801302931,CA
1106,1106,395045,"Sacramento, CA",25,Bottom Tier,2012-03-31,19425.0,740,0.4571428571428571,CA
1107,1107,395045,"Sacramento, CA",25,Upper Tier,2012-03-31,123600.0,1238,0.1201941747572815,CA
1108,1108,395045,"Sacramento, CA",25,Bottom Tier,2012-06-30,19500.0,742,0.4566153846153846,CA
1109,1109,395045,"Sacramento, CA",25,Upper Tier,2012-06-30,124400.0,1275,0.1229903536977492,CA
1110,1110,395045,"Sacramento, CA",25,Bottom Tier,2012-09-30,19575.0,748,0.458544061302682,CA
1111,1111,395045,"Sacramento, CA",25,Upper Tier,2012-09-30,126550.0,1320,0.1251679178190438,CA
1112,1112,395045,"Sacramento, CA",25,Bottom Tier,2012-12-31,19650.0,753,0.4598473282442748,CA
1113,1113,395045,"Sacramento, CA",25,Upper Tier,2012-12-31,128700.0,1364,0.1271794871794871,CA
1114,1114,395045,"Sacramento, CA",25,Bottom Tier,2013-03-31,19725.0,757,0.4605323193916349,CA
1115,1115,395045,"Sacramento, CA",25,Upper Tier,2013-03-31,130850.0,1388,0.1272907909820405,CA
1116,1116,395045,"Sacramento, CA",25,Bottom Tier,2013-06-30,19800.0,764,0.463030303030303,CA
1117,1117,395045,"Sacramento, CA",25,Upper Tier,2013-06-30,133000.0,1375,0.1240601503759398,CA
1118,1118,395045,"Sacramento, CA",25,Bottom Tier,2013-09-30,19950.0,773,0.4649624060150376,CA
1119,1119,395045,"Sacramento, CA",25,Upper Tier,2013-09-30,134075.0,1349,0.1207383926906582,CA
1120,1120,395045,"Sacramento, CA",25,Bottom Tier,2013-12-31,20100.0,782,0.466865671641791,CA
1121,1121,395045,"Sacramento, CA",25,Upper Tier,2013-12-31,135150.0,1329,0.1180022197558268,CA
1122,1122,395045,"Sacramento, CA",25,Bottom Tier,2014-03-31,20250.0,790,0.4681481481481481,CA
1123,1123,395045,"Sacramento, CA",25,Upper Tier,2014-03-31,136225.0,1329,0.1170710222059093,CA
1124,1124,395045,"Sacramento, CA",25,Bottom Tier,2014-06-30,20400.0,796,0.4682352941176471,CA
1125,1125,395045,"Sacramento, CA",25,Upper Tier,2014-06-30,137300.0,1351,0.1180772032046613,CA
1126,1126,395045,"Sacramento, CA",25,Bottom Tier,2014-09-30,20494.35,805,0.4713494206939961,CA
1127,1127,395045,"Sacramento, CA",25,Upper Tier,2014-09-30,138810.3,1387,0.119904646845371,CA
1128,1128,395045,"Sacramento, CA",25,Bottom Tier,2014-12-31,20588.7,821,0.4785149135205234,CA
1129,1129,395045,"Sacramento, CA",25,Upper Tier,2014-12-31,140320.6,1425,0.1218637890658962,CA
1130,1130,395045,"Sacramento, CA",25,Bottom Tier,2015-03-31,20683.05,849,0.4925772552887509,CA
1131,1131,395045,"Sacramento, CA",25,Upper Tier,2015-03-31,141830.9,1466,0.1240350304482309,CA
1132,1132,395045,"Sacramento, CA",25,Bottom Tier,2015-06-30,20777.4,894,0.5163302434375812,CA
1133,1133,395045,"Sacramento, CA",25,Upper Tier,2015-06-30,143341.2,1516,0.1269139647219361,CA
1134,1134,395045,"Sacramento, CA",25,Bottom Tier,2015-09-30,20871.75,952,0.5473427000610873,CA
1135,1135,395045,"Sacramento, CA",25,Upper Tier,2015-09-30,144851.5,1589,0.1316382640152155,CA
1136,1136,395045,"Sacramento, CA",25,Bottom Tier,2015-12-31,20966.1,1026,0.587233677221801,CA
1137,1137,395045,"Sacramento, CA",25,Upper Tier,2015-12-31,146361.8,1692,0.138724721887815,CA
1138,1138,395045,"Sacramento, CA",25,Bottom Tier,2016-03-31,21060.45,1098,0.6256276575286852,CA
1139,1139,395045,"Sacramento, CA",25,Upper Tier,2016-03-31,147872.1,1776,0.1441245508787661,CA
1140,1140,395045,"Sacramento, CA",25,Bottom Tier,2016-06-30,21154.8,1154,0.6546032106188666,CA
1141,1141,395045,"Sacramento, CA",25,Upper Tier,2016-06-30,149382.4,1825,0.1466036159547577,CA
1142,1142,394913,"New York, NY",1,Middle Tier,2011-12-31,64316.5,1789,0.3337868198673746,NY
1143,1143,394913,"New York, NY",1,Middle Tier,2012-03-31,64425.11,1814,0.3378806803744689,NY
1144,1144,394913,"New York, NY",1,Middle Tier,2012-06-30,64735.87,1851,0.343117347461307,NY
1145,1145,394913,"New York, NY",1,Middle Tier,2012-09-30,65333.14,1850,0.3397969238888564,NY
1146,1146,394913,"New York, NY",1,Middle Tier,2012-12-31,66368.69,1864,0.3370263900040817,NY
1147,1147,394913,"New York, NY",1,Middle Tier,2013-03-31,66354.55,1911,0.3455980034526645,NY
1148,1148,394913,"New York, NY",1,Middle Tier,2013-06-30,66497.41,1978,0.3569462329435086,NY
1149,1149,394913,"New York, NY",1,Middle Tier,2013-09-30,65989.24,2060,0.3746065267610295,NY
1150,1150,394913,"New York, NY",1,Middle Tier,2013-12-31,66245.42,2073,0.3755127524287717,NY
1151,1151,394913,"New York, NY",1,Middle Tier,2014-03-31,66512.55,2098,0.3785150321255161,NY
1152,1152,394913,"New York, NY",1,Middle Tier,2014-06-30,66895.98,2119,0.3801125269410808,NY
1153,1153,394913,"New York, NY",1,Middle Tier,2014-09-30,67429.5,2177,0.3874268680621983,NY
1154,1154,394913,"New York, NY",1,Middle Tier,2014-12-31,67955.51,2227,0.3932572943680358,NY
1155,1155,394913,"New York, NY",1,Middle Tier,2015-03-31,68178.78,2270,0.3995378034045197,NY
1156,1156,394913,"New York, NY",1,Middle Tier,2015-06-30,68566.98,2282,0.3993759095121296,NY
1157,1157,394913,"New York, NY",1,Middle Tier,2015-09-30,68916.19,2319,0.4037948122204666,NY
1158,1158,394913,"New York, NY",1,Middle Tier,2015-12-31,69309.9,2375,0.4111966688741435,NY
1159,1159,394913,"New York, NY",1,Middle Tier,2016-03-31,69814.2052844952,2370,0.4073669518131168,NY
1160,1160,394913,"New York, NY",1,Middle Tier,2016-06-30,70318.5105689905,2367,0.4039334702934646,NY
1161,1161,753899,"Los Angeles-Long Beach-Anaheim, CA",2,Middle Tier,2010-12-31,56991.79,1967,0.4141649174381082,CA
1162,1162,753899,"Los Angeles-Long Beach-Anaheim, CA",2,Middle Tier,2011-03-31,57005.54,1932,0.4066973139803604,CA
1163,1163,753899,"Los Angeles-Long Beach-Anaheim, CA",2,Middle Tier,2011-06-30,56956.7,1913,0.4030430133768284,CA
1164,1164,753899,"Los Angeles-Long Beach-Anaheim, CA",2,Middle Tier,2011-09-30,56905.17,1900,0.400666582667269,CA
1165,1165,753899,"Los Angeles-Long Beach-Anaheim, CA",2,Middle Tier,2011-12-31,56614.7,1879,0.3982711203980591,CA
1166,1166,753899,"Los Angeles-Long Beach-Anaheim, CA",2,Middle Tier,2012-03-31,56823.44,1880,0.3970192582497646,CA
1167,1167,753899,"Los Angeles-Long Beach-Anaheim, CA",2,Middle Tier,2012-06-30,57041.54,1889,0.3973946004964101,CA
1168,1168,753899,"Los Angeles-Long Beach-Anaheim, CA",2,Middle Tier,2012-09-30,57640.54,1889,0.3932648791978701,CA
1169,1169,753899,"Los Angeles-Long Beach-Anaheim, CA",2,Middle Tier,2012-12-31,58888.48,1892,0.3855422996144577,CA
1170,1170,753899,"Los Angeles-Long Beach-Anaheim, CA",2,Middle Tier,2013-03-31,58914.96,1912,0.3894426814513665,CA
1171,1171,753899,"Los Angeles-Long Beach-Anaheim, CA",2,Middle Tier,2013-06-30,59080.88,1945,0.3950516647687035,CA
1172,1172,753899,"Los Angeles-Long Beach-Anaheim, CA",2,Middle Tier,2013-09-30,58477.36,1965,0.4032329776857232,CA
1173,1173,753899,"Los Angeles-Long Beach-Anaheim, CA",2,Middle Tier,2013-12-31,59061.59,1996,0.4055427562989754,CA
1174,1174,753899,"Los Angeles-Long Beach-Anaheim, CA",2,Middle Tier,2014-03-31,59659.68,1991,0.4004714742016719,CA
1175,1175,753899,"Los Angeles-Long Beach-Anaheim, CA",2,Middle Tier,2014-06-30,60392.66,1982,0.3938226930226288,CA
1176,1176,753899,"Los Angeles-Long Beach-Anaheim, CA",2,Middle Tier,2014-09-30,61044.76,2059,0.4047521851179364,CA
1177,1177,753899,"Los Angeles-Long Beach-Anaheim, CA",2,Middle Tier,2014-12-31,61470.27,2130,0.415810765106449,CA
1178,1178,753899,"Los Angeles-Long Beach-Anaheim, CA",2,Middle Tier,2015-03-31,61865.99,2181,0.423043420140856,CA
1179,1179,753899,"Los Angeles-Long Beach-Anaheim, CA",2,Middle Tier,2015-06-30,62303.6,2220,0.4275836388266489,CA
1180,1180,753899,"Los Angeles-Long Beach-Anaheim, CA",2,Middle Tier,2015-09-30,62759.76,2251,0.4304031755379561,CA
1181,1181,753899,"Los Angeles-Long Beach-Anaheim, CA",2,Middle Tier,2015-12-31,63246.79,2262,0.4291759313002288,CA
1182,1182,753899,"Los Angeles-Long Beach-Anaheim, CA",2,Middle Tier,2016-03-31,63643.3100891121,2319,0.437249413348171,CA
1183,1183,753899,"Los Angeles-Long Beach-Anaheim, CA",2,Middle Tier,2016-06-30,64039.8301782242,2369,0.4439112333821666,CA
1184,1184,394463,"Chicago, IL",3,Middle Tier,2010-12-31,57668.37,1493,0.3106729044014942,IL
1185,1185,394463,"Chicago, IL",3,Middle Tier,2011-03-31,57876.02,1476,0.306033483297573,IL
1186,1186,394463,"Chicago, IL",3,Middle Tier,2011-06-30,57823.58,1459,0.3027830514817657,IL
1187,1187,394463,"Chicago, IL",3,Middle Tier,2011-09-30,57933.79,1455,0.3013785219299479,IL
1188,1188,394463,"Chicago, IL",3,Middle Tier,2011-12-31,57871.83,1453,0.3012864808318659,IL
1189,1189,394463,"Chicago, IL",3,Middle Tier,2012-03-31,58262.27,1456,0.2998853288757887,IL
1190,1190,394463,"Chicago, IL",3,Middle Tier,2012-06-30,58687.53,1453,0.2970988896619094,IL
1191,1191,394463,"Chicago, IL",3,Middle Tier,2012-09-30,59226.95,1462,0.2962165027913813,IL
1192,1192,394463,"Chicago, IL",3,Middle Tier,2012-12-31,59947.19,1474,0.2950597017141254,IL
1193,1193,394463,"Chicago, IL",3,Middle Tier,2013-03-31,60200.74,1476,0.2942156524986237,IL
1194,1194,394463,"Chicago, IL",3,Middle Tier,2013-06-30,60566.0,1501,0.2973945778159363,IL
1195,1195,394463,"Chicago, IL",3,Middle Tier,2013-09-30,60445.72,1504,0.298581934337121,IL
1196,1196,394463,"Chicago, IL",3,Middle Tier,2013-12-31,60683.2,1521,0.3007751733593482,IL
1197,1197,394463,"Chicago, IL",3,Middle Tier,2014-03-31,61057.91,1538,0.3022704183618469,IL
1198,1198,394463,"Chicago, IL",3,Middle Tier,2014-06-30,61559.15,1534,0.2990294700300442,IL
1199,1199,394463,"Chicago, IL",3,Middle Tier,2014-09-30,62044.76,1565,0.3026847069760605,IL
1200,1200,394463,"Chicago, IL",3,Middle Tier,2014-12-31,62423.9,1581,0.3039220554947704,IL
1201,1201,394463,"Chicago, IL",3,Middle Tier,2015-03-31,62631.77,1567,0.3002310169423601,IL
1202,1202,394463,"Chicago, IL",3,Middle Tier,2015-06-30,62890.67,1559,0.2974686070286737,IL
1203,1203,394463,"Chicago, IL",3,Middle Tier,2015-09-30,63234.29,1564,0.2968009919934263,IL
1204,1204,394463,"Chicago, IL",3,Middle Tier,2015-12-31,63856.01,1554,0.2920320264294621,IL
1205,1205,394463,"Chicago, IL",3,Middle Tier,2016-03-31,64256.3495393749,1581,0.2952548679780566,IL
1206,1206,394463,"Chicago, IL",3,Middle Tier,2016-06-30,64656.6890787498,1574,0.2921275473446377,IL
1207,1207,394514,"Dallas-Fort Worth, TX",4,Middle Tier,2010-12-31,55386.85,1041,0.2255409000511854,TX
1208,1208,394514,"Dallas-Fort Worth, TX",4,Middle Tier,2011-03-31,55690.16,1046,0.2253899073013975,TX
1209,1209,394514,"Dallas-Fort Worth, TX",4,Middle Tier,2011-06-30,55801.78,1038,0.2232186858555408,TX
1210,1210,394514,"Dallas-Fort Worth, TX",4,Middle Tier,2011-09-30,56067.15,1039,0.2223762042479419,TX
1211,1211,394514,"Dallas-Fort Worth, TX",4,Middle Tier,2011-12-31,55869.56,1035,0.2223035227053873,TX
1212,1212,394514,"Dallas-Fort Worth, TX",4,Middle Tier,2012-03-31,56193.1,1026,0.2191016334745725,TX
1213,1213,394514,"Dallas-Fort Worth, TX",4,Middle Tier,2012-06-30,56396.76,1019,0.2168209663108306,TX
1214,1214,394514,"Dallas-Fort Worth, TX",4,Middle Tier,2012-09-30,56903.65,1046,0.2205833896419649,TX
1215,1215,394514,"Dallas-Fort Worth, TX",4,Middle Tier,2012-12-31,57732.21,1067,0.2217826062781937,TX
1216,1216,394514,"Dallas-Fort Worth, TX",4,Middle Tier,2013-03-31,57894.46,1094,0.2267574479492511,TX
1217,1217,394514,"Dallas-Fort Worth, TX",4,Middle Tier,2013-06-30,58087.46,1117,0.2307554849187759,TX
1218,1218,394514,"Dallas-Fort Worth, TX",4,Middle Tier,2013-09-30,57695.7,1128,0.2346102049199507,TX
1219,1219,394514,"Dallas-Fort Worth, TX",4,Middle Tier,2013-12-31,57793.45,1160,0.2408577442599464,TX
1220,1220,394514,"Dallas-Fort Worth, TX",4,Middle Tier,2014-03-31,58377.98,1172,0.2409127551175974,TX
1221,1221,394514,"Dallas-Fort Worth, TX",4,Middle Tier,2014-06-30,59057.64,1177,0.2391561870741872,TX
1222,1222,394514,"Dallas-Fort Worth, TX",4,Middle Tier,2014-09-30,59990.36,1197,0.2394384697808114,TX
1223,1223,394514,"Dallas-Fort Worth, TX",4,Middle Tier,2014-12-31,60671.29,1218,0.2409047178657318,TX
1224,1224,394514,"Dallas-Fort Worth, TX",4,Middle Tier,2015-03-31,61323.91,1230,0.2406891537085616,TX
1225,1225,394514,"Dallas-Fort Worth, TX",4,Middle Tier,2015-06-30,61664.37,1256,0.244419913801114,TX
1226,1226,394514,"Dallas-Fort Worth, TX",4,Middle Tier,2015-09-30,61856.66,1270,0.2463760571618318,TX
1227,1227,394514,"Dallas-Fort Worth, TX",4,Middle Tier,2015-12-31,61729.1,1265,0.2459131916713511,TX
1228,1228,394514,"Dallas-Fort Worth, TX",4,Middle Tier,2016-03-31,62069.5386163833,1292,0.2497843603417362,TX
1229,1229,394514,"Dallas-Fort Worth, TX",4,Middle Tier,2016-06-30,62409.9772327666,1326,0.2549592341726709,TX
1230,1230,394974,"Philadelphia, PA",5,Middle Tier,2010-12-31,58784.62,1131,0.2308767157123751,PA
1231,1231,394974,"Philadelphia, PA",5,Middle Tier,2011-03-31,58790.13,1113,0.2271809910949337,PA
1232,1232,394974,"Philadelphia, PA",5,Middle Tier,2011-06-30,58732.65,1113,0.2274033267696928,PA
1233,1233,394974,"Philadelphia, PA",5,Middle Tier,2011-09-30,58873.43,1120,0.2282863424128677,PA
1234,1234,394974,"Philadelphia, PA",5,Middle Tier,2011-12-31,58963.89,1117,0.2273255716337575,PA
1235,1235,394974,"Philadelphia, PA",5,Middle Tier,2012-03-31,59092.77,1115,0.2264236386278727,PA
1236,1236,394974,"Philadelphia, PA",5,Middle Tier,2012-06-30,59224.12,1128,0.2285555277140462,PA
1237,1237,394974,"Philadelphia, PA",5,Middle Tier,2012-09-30,59658.8,1128,0.2268902492172152,PA
1238,1238,394974,"Philadelphia, PA",5,Middle Tier,2012-12-31,60569.6,1117,0.2212991335587489,PA
1239,1239,394974,"Philadelphia, PA",5,Middle Tier,2013-03-31,60716.65,1118,0.220960807290916,PA
1240,1240,394974,"Philadelphia, PA",5,Middle Tier,2013-06-30,60985.77,1127,0.2217566491330682,PA
1241,1241,394974,"Philadelphia, PA",5,Middle Tier,2013-09-30,60794.43,1134,0.2238362955290476,PA
1242,1242,394974,"Philadelphia, PA",5,Middle Tier,2013-12-31,61180.83,1136,0.222814891527297,PA
1243,1243,394974,"Philadelphia, PA",5,Middle Tier,2014-03-31,61597.7,1148,0.2236447140071788,PA
1244,1244,394974,"Philadelphia, PA",5,Middle Tier,2014-06-30,62185.78,1143,0.2205648944179843,PA
1245,1245,394974,"Philadelphia, PA",5,Middle Tier,2014-09-30,62923.3,1162,0.2216031263458845,PA
1246,1246,394974,"Philadelphia, PA",5,Middle Tier,2014-12-31,63662.03,1193,0.2248750157668551,PA
1247,1247,394974,"Philadelphia, PA",5,Middle Tier,2015-03-31,64273.07,1205,0.2249775839243403,PA
1248,1248,394974,"Philadelphia, PA",5,Middle Tier,2015-06-30,64885.79,1198,0.2215585261426269,PA
1249,1249,394974,"Philadelphia, PA",5,Middle Tier,2015-09-30,65399.01,1193,0.2189023962289337,PA
1250,1250,394974,"Philadelphia, PA",5,Middle Tier,2015-12-31,65933.91,1200,0.2184005165172215,PA
1251,1251,394974,"Philadelphia, PA",5,Middle Tier,2016-03-31,66430.2549878697,1217,0.2198395896969945,PA
1252,1252,394974,"Philadelphia, PA",5,Middle Tier,2016-06-30,66926.5999757393,1235,0.2214366187042552,PA
1253,1253,394692,"Houston, TX",6,Middle Tier,2010-12-31,54717.06,1089,0.2388286212746079,TX
1254,1254,394692,"Houston, TX",6,Middle Tier,2011-03-31,54917.24,1079,0.2357729558149681,TX
1255,1255,394692,"Houston, TX",6,Middle Tier,2011-06-30,54964.81,1072,0.2340406525556988,TX
1256,1256,394692,"Houston, TX",6,Middle Tier,2011-09-30,55182.81,1043,0.226809761953043,TX
1257,1257,394692,"Houston, TX",6,Middle Tier,2011-12-31,54965.96,1026,0.2239931768680106,TX
1258,1258,394692,"Houston, TX",6,Middle Tier,2012-03-31,55257.27,1015,0.2204234845478251,TX
1259,1259,394692,"Houston, TX",6,Middle Tier,2012-06-30,55436.18,1010,0.2186297829323737,TX
1260,1260,394692,"Houston, TX",6,Middle Tier,2012-09-30,55934.25,1032,0.2214028077608978,TX
1261,1261,394692,"Houston, TX",6,Middle Tier,2012-12-31,56770.77,1024,0.2164494157821005,TX
1262,1262,394692,"Houston, TX",6,Middle Tier,2013-03-31,56957.59,1063,0.2239561048843534,TX
1263,1263,394692,"Houston, TX",6,Middle Tier,2013-06-30,57168.48,1104,0.2317360895374514,TX
1264,1264,394692,"Houston, TX",6,Middle Tier,2013-09-30,56946.51,1129,0.237907467902774,TX
1265,1265,394692,"Houston, TX",6,Middle Tier,2013-12-31,57356.23,1190,0.2489703385316642,TX
1266,1266,394692,"Houston, TX",6,Middle Tier,2014-03-31,58250.06,1199,0.247004037420734,TX
1267,1267,394692,"Houston, TX",6,Middle Tier,2014-06-30,59236.28,1209,0.2449174728730433,TX
1268,1268,394692,"Houston, TX",6,Middle Tier,2014-09-30,60259.41,1247,0.2483263609783102,TX
1269,1269,394692,"Houston, TX",6,Middle Tier,2014-12-31,60790.74,1278,0.2522752642918971,TX
1270,1270,394692,"Houston, TX",6,Middle Tier,2015-03-31,61285.05,1292,0.2529817630890404,TX
1271,1271,394692,"Houston, TX",6,Middle Tier,2015-06-30,61474.35,1311,0.2559116119161894,TX
1272,1272,394692,"Houston, TX",6,Middle Tier,2015-09-30,61600.62,1317,0.2565558593403767,TX
1273,1273,394692,"Houston, TX",6,Middle Tier,2015-12-31,61500.29,1315,0.2565841559446305,TX
1274,1274,394692,"Houston, TX",6,Middle Tier,2016-03-31,61746.7812079668,1333,0.2590580381206354,TX
1275,1275,394692,"Houston, TX",6,Middle Tier,2016-06-30,61993.2724159335,1332,0.2578344290773686,TX
1276,1276,395209,"Washington, DC",7,Middle Tier,2010-12-31,87197.21,1755,0.2415214890476426,DC
1277,1277,395209,"Washington, DC",7,Middle Tier,2011-03-31,87429.6,1766,0.2423893052238601,DC
1278,1278,395209,"Washington, DC",7,Middle Tier,2011-06-30,87653.68,1775,0.2430017769932763,DC
1279,1279,395209,"Washington, DC",7,Middle Tier,2011-09-30,88030.62,1782,0.2429154764558059,DC
1280,1280,395209,"Washington, DC",7,Middle Tier,2011-12-31,88103.88,1803,0.2455737477168996,DC
1281,1281,395209,"Washington, DC",7,Middle Tier,2012-03-31,88348.42,1816,0.2466597591671701,DC
1282,1282,395209,"Washington, DC",7,Middle Tier,2012-06-30,88395.46,1829,0.2482932947008816,DC
1283,1283,395209,"Washington, DC",7,Middle Tier,2012-09-30,88869.56,1835,0.247778879517351,DC
1284,1284,395209,"Washington, DC",7,Middle Tier,2012-12-31,90077.26,1843,0.245522565850693,DC
1285,1285,395209,"Washington, DC",7,Middle Tier,2013-03-31,90124.29,1861,0.2477911337775865,DC
1286,1286,395209,"Washington, DC",7,Middle Tier,2013-06-30,90107.94,1865,0.2483687896982219,DC
1287,1287,395209,"Washington, DC",7,Middle Tier,2013-09-30,89383.94,1871,0.2511860631786873,DC
1288,1288,395209,"Washington, DC",7,Middle Tier,2013-12-31,89639.18,1875,0.2510063121951807,DC
1289,1289,395209,"Washington, DC",7,Middle Tier,2014-03-31,90256.58,1868,0.2483586238255427,DC
1290,1290,395209,"Washington, DC",7,Middle Tier,2014-06-30,91268.9,1867,0.2454724446114722,DC
1291,1291,395209,"Washington, DC",7,Middle Tier,2014-09-30,92147.69,1877,0.2444336911755465,DC
1292,1292,395209,"Washington, DC",7,Middle Tier,2014-12-31,92507.02,1879,0.2437436639943649,DC
1293,1293,395209,"Washington, DC",7,Middle Tier,2015-03-31,92744.79,1875,0.2426012285973153,DC
1294,1294,395209,"Washington, DC",7,Middle Tier,2015-06-30,93072.83,1884,0.2429065496343025,DC
1295,1295,395209,"Washington, DC",7,Middle Tier,2015-09-30,93448.53,1896,0.2434709245827623,DC
1296,1296,395209,"Washington, DC",7,Middle Tier,2015-12-31,93911.49,1892,0.2417595546615222,DC
1297,1297,395209,"Washington, DC",7,Middle Tier,2016-03-31,94453.0247037967,1905,0.2420250708930563,DC
1298,1298,395209,"Washington, DC",7,Middle Tier,2016-06-30,94994.5594075934,1903,0.240392714513444,DC
1299,1299,394856,"Miami-Fort Lauderdale, FL",8,Middle Tier,2010-12-31,45659.39,1290,0.3390321246078846,FL
1300,1300,394856,"Miami-Fort Lauderdale, FL",8,Middle Tier,2011-03-31,45672.37,1294,0.3399867359631217,FL
1301,1301,394856,"Miami-Fort Lauderdale, FL",8,Middle Tier,2011-06-30,45675.06,1305,0.3428566924706831,FL
1302,1302,394856,"Miami-Fort Lauderdale, FL",8,Middle Tier,2011-09-30,45829.89,1323,0.3464114794951504,FL
1303,1303,394856,"Miami-Fort Lauderdale, FL",8,Middle Tier,2011-12-31,46030.14,1326,0.3456865436429261,FL
1304,1304,394856,"Miami-Fort Lauderdale, FL",8,Middle Tier,2012-03-31,46027.77,1333,0.3475293284901702,FL
1305,1305,394856,"Miami-Fort Lauderdale, FL",8,Middle Tier,2012-06-30,46022.92,1348,0.3514770466541453,FL
1306,1306,394856,"Miami-Fort Lauderdale, FL",8,Middle Tier,2012-09-30,46179.82,1358,0.3528814101051065,FL
1307,1307,394856,"Miami-Fort Lauderdale, FL",8,Middle Tier,2012-12-31,47105.15,1373,0.3497706726334594,FL
1308,1308,394856,"Miami-Fort Lauderdale, FL",8,Middle Tier,2013-03-31,47304.48,1382,0.3505799027914481,FL
1309,1309,394856,"Miami-Fort Lauderdale, FL",8,Middle Tier,2013-06-30,47554.32,1390,0.3507567766713939,FL
1310,1310,394856,"Miami-Fort Lauderdale, FL",8,Middle Tier,2013-09-30,47192.68,1413,0.3592930090005484,FL
1311,1311,394856,"Miami-Fort Lauderdale, FL",8,Middle Tier,2013-12-31,47348.46,1449,0.3672347527247982,FL
1312,1312,394856,"Miami-Fort Lauderdale, FL",8,Middle Tier,2014-03-31,47754.19,1475,0.3706481043862329,FL
1313,1313,394856,"Miami-Fort Lauderdale, FL",8,Middle Tier,2014-06-30,48286.36,1487,0.3695453540088753,FL
1314,1314,394856,"Miami-Fort Lauderdale, FL",8,Middle Tier,2014-09-30,48938.79,1496,0.3668255794636524,FL
1315,1315,394856,"Miami-Fort Lauderdale, FL",8,Middle Tier,2014-12-31,49481.47,1508,0.3657126597087758,FL
1316,1316,394856,"Miami-Fort Lauderdale, FL",8,Middle Tier,2015-03-31,49961.18,1527,0.36676475615668,FL
1317,1317,394856,"Miami-Fort Lauderdale, FL",8,Middle Tier,2015-06-30,50364.69,1543,0.3676385181761269,FL
1318,1318,394856,"Miami-Fort Lauderdale, FL",8,Middle Tier,2015-09-30,50631.71,1573,0.3728098458456172,FL
1319,1319,394856,"Miami-Fort Lauderdale, FL",8,Middle Tier,2015-12-31,50805.71,1581,0.3734225936415414,FL
1320,1320,394856,"Miami-Fort Lauderdale, FL",8,Middle Tier,2016-03-31,51213.7686354039,1604,0.3758364305706243,FL
1321,1321,394856,"Miami-Fort Lauderdale, FL",8,Middle Tier,2016-06-30,51621.8272708078,1625,0.3777471862377733,FL
1322,1322,394347,"Atlanta, GA",9,Middle Tier,2010-12-31,54067.82,1096,0.2432500515093821,GA
1323,1323,394347,"Atlanta, GA",9,Middle Tier,2011-03-31,54098.05,1099,0.2437795817039616,GA
1324,1324,394347,"Atlanta, GA",9,Middle Tier,2011-06-30,53947.92,1103,0.2453477353714471,GA
1325,1325,394347,"Atlanta, GA",9,Middle Tier,2011-09-30,54276.16,1103,0.2438639726907724,GA
1326,1326,394347,"Atlanta, GA",9,Middle Tier,2011-12-31,54564.07,1097,0.241257662780654,GA
1327,1327,394347,"Atlanta, GA",9,Middle Tier,2012-03-31,54611.9,1100,0.2417055623408085,GA
1328,1328,394347,"Atlanta, GA",9,Middle Tier,2012-06-30,54536.37,1091,0.2400599819900004,GA
1329,1329,394347,"Atlanta, GA",9,Middle Tier,2012-09-30,54497.48,1087,0.239350516757839,GA
1330,1330,394347,"Atlanta, GA",9,Middle Tier,2012-12-31,55187.03,1087,0.2363598838350243,GA
1331,1331,394347,"Atlanta, GA",9,Middle Tier,2013-03-31,55361.57,1084,0.2349644347152727,GA
1332,1332,394347,"Atlanta, GA",9,Middle Tier,2013-06-30,55579.14,1101,0.2377150851920342,GA
1333,1333,394347,"Atlanta, GA",9,Middle Tier,2013-09-30,55341.94,1122,0.243287459745719,GA
1334,1334,394347,"Atlanta, GA",9,Middle Tier,2013-12-31,55640.26,1143,0.2465121478584032,GA
1335,1335,394347,"Atlanta, GA",9,Middle Tier,2014-03-31,56179.48,1146,0.2447868865998759,GA
1336,1336,394347,"Atlanta, GA",9,Middle Tier,2014-06-30,56879.37,1163,0.2453613673991114,GA
1337,1337,394347,"Atlanta, GA",9,Middle Tier,2014-09-30,57785.93,1184,0.2458730005729768,GA
1338,1338,394347,"Atlanta, GA",9,Middle Tier,2014-12-31,58648.53,1205,0.2465534941796495,GA
1339,1339,394347,"Atlanta, GA",9,Middle Tier,2015-03-31,59364.23,1226,0.2478260056603109,GA
1340,1340,394347,"Atlanta, GA",9,Middle Tier,2015-06-30,60025.52,1235,0.2468949873320547,GA
1341,1341,394347,"Atlanta, GA",9,Middle Tier,2015-09-30,60521.79,1255,0.2488359977456053,GA
1342,1342,394347,"Atlanta, GA",9,Middle Tier,2015-12-31,60963.56,1261,0.2482138510283848,GA
1343,1343,394347,"Atlanta, GA",9,Middle Tier,2016-03-31,61391.7881981078,1293,0.2527373848425909,GA
1344,1344,394347,"Atlanta, GA",9,Middle Tier,2016-06-30,61820.0163962155,1298,0.251957228548285,GA
1345,1345,394404,"Boston, MA",10,Middle Tier,2010-12-31,69174.79,1674,0.2903948100167706,MA
1346,1346,394404,"Boston, MA",10,Middle Tier,2011-03-31,69315.03,1642,0.2842673515397743,MA
1347,1347,394404,"Boston, MA",10,Middle Tier,2011-06-30,69620.37,1608,0.2771602621474146,MA
1348,1348,394404,"Boston, MA",10,Middle Tier,2011-09-30,69903.95,1584,0.2719159646915517,MA
1349,1349,394404,"Boston, MA",10,Middle Tier,2011-12-31,70109.57,1633,0.2795053514092298,MA
1350,1350,394404,"Boston, MA",10,Middle Tier,2012-03-31,70275.55,1692,0.2889198305811907,MA
1351,1351,394404,"Boston, MA",10,Middle Tier,2012-06-30,70777.14,1773,0.3006055344988509,MA
1352,1352,394404,"Boston, MA",10,Middle Tier,2012-09-30,71533.15,1804,0.3026289209967686,MA
1353,1353,394404,"Boston, MA",10,Middle Tier,2012-12-31,72882.43,1796,0.2957091304447451,MA
1354,1354,394404,"Boston, MA",10,Middle Tier,2013-03-31,73117.28,1824,0.2993546805898688,MA
1355,1355,394404,"Boston, MA",10,Middle Tier,2013-06-30,73514.57,1838,0.3000221588727241,MA
1356,1356,394404,"Boston, MA",10,Middle Tier,2013-09-30,73255.5,1877,0.3074717939267358,MA
1357,1357,394404,"Boston, MA",10,Middle Tier,2013-12-31,73860.13,1913,0.3108036771665579,MA
1358,1358,394404,"Boston, MA",10,Middle Tier,2014-03-31,74558.75,1924,0.3096618438479722,MA
1359,1359,394404,"Boston, MA",10,Middle Tier,2014-06-30,75327.78,1921,0.3060225590081109,MA
1360,1360,394404,"Boston, MA",10,Middle Tier,2014-09-30,76235.9,1976,0.3110345650802312,MA
1361,1361,394404,"Boston, MA",10,Middle Tier,2014-12-31,77043.85,2017,0.314158755046639,MA
1362,1362,394404,"Boston, MA",10,Middle Tier,2015-03-31,77809.26,2051,0.3163119659536667,MA
1363,1363,394404,"Boston, MA",10,Middle Tier,2015-06-30,78553.94,2098,0.3204931541307794,MA
1364,1364,394404,"Boston, MA",10,Middle Tier,2015-09-30,79123.47,2124,0.322129451602666,MA
1365,1365,394404,"Boston, MA",10,Middle Tier,2015-12-31,79713.05,2123,0.3195963521656743,MA
1366,1366,394404,"Boston, MA",10,Middle Tier,2016-03-31,80232.8579403372,2147,0.3211153218443077,MA
1367,1367,394404,"Boston, MA",10,Middle Tier,2016-06-30,80752.6658806745,2179,0.3238035514349213,MA
1368,1368,395057,"San Francisco, CA",11,Middle Tier,2010-12-31,72787.02,2020,0.3330264104781319,CA
1369,1369,395057,"San Francisco, CA",11,Middle Tier,2011-03-31,73065.47,1968,0.3232169723947578,CA
1370,1370,395057,"San Francisco, CA",11,Middle Tier,2011-06-30,73274.26,1943,0.3182017805433995,CA
1371,1371,395057,"San Francisco, CA",11,Middle Tier,2011-09-30,73488.37,1943,0.3172746925806083,CA
1372,1372,395057,"San Francisco, CA",11,Middle Tier,2011-12-31,73398.19,1980,0.3237137046567497,CA
1373,1373,395057,"San Francisco, CA",11,Middle Tier,2012-03-31,73933.42,2015,0.3270510142774404,CA
1374,1374,395057,"San Francisco, CA",11,Middle Tier,2012-06-30,74498.23,2054,0.3308534981300898,CA
1375,1375,395057,"San Francisco, CA",11,Middle Tier,2012-09-30,75698.09,2043,0.323865503079404,CA
1376,1376,395057,"San Francisco, CA",11,Middle Tier,2012-12-31,77901.66,2038,0.3139342601941987,CA
1377,1377,395057,"San Francisco, CA",11,Middle Tier,2013-03-31,78489.5,2081,0.3181572057408953,CA
1378,1378,395057,"San Francisco, CA",11,Middle Tier,2013-06-30,79253.75,2130,0.322508398656215,CA
1379,1379,395057,"San Francisco, CA",11,Middle Tier,2013-09-30,78978.38,2143,0.3256080967981363,CA
1380,1380,395057,"San Francisco, CA",11,Middle Tier,2013-12-31,80302.02,2197,0.3283105456126757,CA
1381,1381,395057,"San Francisco, CA",11,Middle Tier,2014-03-31,81621.14,2291,0.3368245040439278,CA
1382,1382,395057,"San Francisco, CA",11,Middle Tier,2014-06-30,83153.22,2352,0.3394216122959519,CA
1383,1383,395057,"San Francisco, CA",11,Middle Tier,2014-09-30,84606.34,2454,0.3480590225271534,CA
1384,1384,395057,"San Francisco, CA",11,Middle Tier,2014-12-31,85775.75,2568,0.3592623789357714,CA
1385,1385,395057,"San Francisco, CA",11,Middle Tier,2015-03-31,86886.2,2657,0.3669627627862653,CA
1386,1386,395057,"San Francisco, CA",11,Middle Tier,2015-06-30,88076.23,2764,0.3765828759927622,CA
1387,1387,395057,"San Francisco, CA",11,Middle Tier,2015-09-30,89114.42,2910,0.3918557737344865,CA
1388,1388,395057,"San Francisco, CA",11,Middle Tier,2015-12-31,89995.6,2967,0.3956193413900234,CA
1389,1389,395057,"San Francisco, CA",11,Middle Tier,2016-03-31,90657.6348910975,3014,0.3989515063286927,CA
1390,1390,395057,"San Francisco, CA",11,Middle Tier,2016-06-30,91319.6697821951,3019,0.3967162834294819,CA
1391,1391,394532,"Detroit, MI",12,Middle Tier,2010-12-31,48684.12,1151,0.2837064734866317,MI
1392,1392,394532,"Detroit, MI",12,Middle Tier,2011-03-31,48955.58,1149,0.2816430731695958,MI
1393,1393,394532,"Detroit, MI",12,Middle Tier,2011-06-30,48947.05,1166,0.2858599241425172,MI
1394,1394,394532,"Detroit, MI",12,Middle Tier,2011-09-30,49240.0,1173,0.2858651502843217,MI
1395,1395,394532,"Detroit, MI",12,Middle Tier,2011-12-31,49491.32,1170,0.2836861089985072,MI
1396,1396,394532,"Detroit, MI",12,Middle Tier,2012-03-31,49907.71,1167,0.2805979276548653,MI
1397,1397,394532,"Detroit, MI",12,Middle Tier,2012-06-30,50154.31,1182,0.2828072004180698,MI
1398,1398,394532,"Detroit, MI",12,Middle Tier,2012-09-30,50366.22,1184,0.282093831937358,MI
1399,1399,394532,"Detroit, MI",12,Middle Tier,2012-12-31,51083.17,1192,0.2800139458847209,MI
1400,1400,394532,"Detroit, MI",12,Middle Tier,2013-03-31,51362.49,1202,0.2808275066103687,MI
1401,1401,394532,"Detroit, MI",12,Middle Tier,2013-06-30,51660.62,1197,0.2780454435119052,MI
1402,1402,394532,"Detroit, MI",12,Middle Tier,2013-09-30,51451.69,1223,0.2852384440627703,MI
1403,1403,394532,"Detroit, MI",12,Middle Tier,2013-12-31,51696.17,1231,0.2857465069462593,MI
1404,1404,394532,"Detroit, MI",12,Middle Tier,2014-03-31,52061.83,1224,0.2821260797017699,MI
1405,1405,394532,"Detroit, MI",12,Middle Tier,2014-06-30,52505.43,1212,0.2769999217223818,MI
1406,1406,394532,"Detroit, MI",12,Middle Tier,2014-09-30,52907.13,1214,0.275350411182765,MI
1407,1407,394532,"Detroit, MI",12,Middle Tier,2014-12-31,53119.81,1235,0.2789919617558873,MI
1408,1408,394532,"Detroit, MI",12,Middle Tier,2015-03-31,53273.3,1255,0.2826932065406122,MI
1409,1409,394532,"Detroit, MI",12,Middle Tier,2015-06-30,53428.37,1265,0.2841187182015846,MI
1410,1410,394532,"Detroit, MI",12,Middle Tier,2015-09-30,53670.59,1273,0.2846251550430133,MI
1411,1411,394532,"Detroit, MI",12,Middle Tier,2015-12-31,54140.82,1263,0.2799366540809688,MI
1412,1412,394532,"Detroit, MI",12,Middle Tier,2016-03-31,54534.7536463176,1286,0.2829755150281499,MI
1413,1413,394532,"Detroit, MI",12,Middle Tier,2016-06-30,54928.6872926351,1299,0.2837861374140294,MI
1414,1414,395025,"Riverside, CA",13,Middle Tier,2010-12-31,52771.27,1515,0.3445056372529977,CA
1415,1415,395025,"Riverside, CA",13,Middle Tier,2011-03-31,52723.84,1509,0.3434499459826902,CA
1416,1416,395025,"Riverside, CA",13,Middle Tier,2011-06-30,52625.29,1494,0.3406727069817572,CA
1417,1417,395025,"Riverside, CA",13,Middle Tier,2011-09-30,52433.26,1457,0.333452468910001,CA
1418,1418,395025,"Riverside, CA",13,Middle Tier,2011-12-31,51926.89,1431,0.3306957146865525,CA
1419,1419,395025,"Riverside, CA",13,Middle Tier,2012-03-31,51883.92,1406,0.3251874569230698,CA
1420,1420,395025,"Riverside, CA",13,Middle Tier,2012-06-30,51847.6,1390,0.3217120946774778,CA
1421,1421,395025,"Riverside, CA",13,Middle Tier,2012-09-30,52239.71,1386,0.3183784902328133,CA
1422,1422,395025,"Riverside, CA",13,Middle Tier,2012-12-31,53305.64,1385,0.3117868953454081,CA
1423,1423,395025,"Riverside, CA",13,Middle Tier,2013-03-31,53270.63,1408,0.3171728962094122,CA
1424,1424,395025,"Riverside, CA",13,Middle Tier,2013-06-30,53357.53,1429,0.3213791942767965,CA
1425,1425,395025,"Riverside, CA",13,Middle Tier,2013-09-30,52767.85,1444,0.3283817703393259,CA
1426,1426,395025,"Riverside, CA",13,Middle Tier,2013-12-31,53270.05,1468,0.33069238718567,CA
1427,1427,395025,"Riverside, CA",13,Middle Tier,2014-03-31,53793.96,1457,0.3250179016380277,CA
1428,1428,395025,"Riverside, CA",13,Middle Tier,2014-06-30,54431.61,1446,0.3187853528491992,CA
1429,1429,395025,"Riverside, CA",13,Middle Tier,2014-09-30,54982.3,1505,0.3284693437706316,CA
1430,1430,395025,"Riverside, CA",13,Middle Tier,2014-12-31,55316.24,1530,0.3319097610394343,CA
1431,1431,395025,"Riverside, CA",13,Middle Tier,2015-03-31,55635.19,1531,0.3302226522458178,CA
1432,1432,395025,"Riverside, CA",13,Middle Tier,2015-06-30,55987.47,1531,0.3281448509818357,CA
1433,1433,395025,"Riverside, CA",13,Middle Tier,2015-09-30,56262.37,1548,0.3301673925218578,CA
1434,1434,395025,"Riverside, CA",13,Middle Tier,2015-12-31,56462.83,1541,0.3275074947536281,CA
1435,1435,395025,"Riverside, CA",13,Middle Tier,2016-03-31,56878.1876787099,1574,0.3320780912833123,CA
1436,1436,395025,"Riverside, CA",13,Middle Tier,2016-06-30,57293.5453574199,1606,0.3363729697607925,CA
1437,1437,394976,"Phoenix, AZ",14,Middle Tier,2010-12-31,50691.66,991,0.2345948031688052,AZ
1438,1438,394976,"Phoenix, AZ",14,Middle Tier,2011-03-31,50700.75,978,0.231475865741631,AZ
1439,1439,394976,"Phoenix, AZ",14,Middle Tier,2011-06-30,50583.65,963,0.2284532650372205,AZ
1440,1440,394976,"Phoenix, AZ",14,Middle Tier,2011-09-30,50584.29,945,0.2241802741523109,AZ
1441,1441,394976,"Phoenix, AZ",14,Middle Tier,2011-12-31,50532.33,938,0.2227484859692794,AZ
1442,1442,394976,"Phoenix, AZ",14,Middle Tier,2012-03-31,50661.47,940,0.2226544156732917,AZ
1443,1443,394976,"Phoenix, AZ",14,Middle Tier,2012-06-30,50850.66,934,0.2204101185707324,AZ
1444,1444,394976,"Phoenix, AZ",14,Middle Tier,2012-09-30,51086.45,935,0.2196277095002687,AZ
1445,1445,394976,"Phoenix, AZ",14,Middle Tier,2012-12-31,51753.75,950,0.2202738931961452,AZ
1446,1446,394976,"Phoenix, AZ",14,Middle Tier,2013-03-31,51900.87,951,0.219880707202018,AZ
1447,1447,394976,"Phoenix, AZ",14,Middle Tier,2013-06-30,52264.76,964,0.2213346048082876,AZ
1448,1448,394976,"Phoenix, AZ",14,Middle Tier,2013-09-30,52177.12,976,0.2244662028107338,AZ
1449,1449,394976,"Phoenix, AZ",14,Middle Tier,2013-12-31,52417.97,985,0.2254951880051822,AZ
1450,1450,394976,"Phoenix, AZ",14,Middle Tier,2014-03-31,52815.92,988,0.2244777710962907,AZ
1451,1451,394976,"Phoenix, AZ",14,Middle Tier,2014-06-30,53252.49,978,0.2203840609143347,AZ
1452,1452,394976,"Phoenix, AZ",14,Middle Tier,2014-09-30,53876.03,1006,0.2240699620963163,AZ
1453,1453,394976,"Phoenix, AZ",14,Middle Tier,2014-12-31,54401.2,1032,0.2276420373080005,AZ
1454,1454,394976,"Phoenix, AZ",14,Middle Tier,2015-03-31,54877.27,1049,0.2293845885555167,AZ
1455,1455,394976,"Phoenix, AZ",14,Middle Tier,2015-06-30,55392.25,1073,0.2324512905686264,AZ
1456,1456,394976,"Phoenix, AZ",14,Middle Tier,2015-09-30,55776.46,1092,0.234937821439367,AZ
1457,1457,394976,"Phoenix, AZ",14,Middle Tier,2015-12-31,56141.86,1090,0.2329812371731182,AZ
1458,1458,394976,"Phoenix, AZ",14,Middle Tier,2016-03-31,56536.2189834029,1126,0.2389972347455117,AZ
1459,1459,394976,"Phoenix, AZ",14,Middle Tier,2016-06-30,56930.5779668057,1161,0.2447191034688472,AZ
1460,1460,395078,"Seattle, WA",15,Middle Tier,2010-12-31,63860.02,1319,0.247854604492764,WA
1461,1461,395078,"Seattle, WA",15,Middle Tier,2011-03-31,64186.49,1319,0.2465939483526829,WA
1462,1462,395078,"Seattle, WA",15,Middle Tier,2011-06-30,64368.81,1294,0.2412348465040755,WA
1463,1463,395078,"Seattle, WA",15,Middle Tier,2011-09-30,64459.23,1281,0.2384763206138205,WA
1464,1464,395078,"Seattle, WA",15,Middle Tier,2011-12-31,64117.98,1298,0.2429271789285938,WA
1465,1465,395078,"Seattle, WA",15,Middle Tier,2012-03-31,64568.26,1307,0.2429057248871194,WA
1466,1466,395078,"Seattle, WA",15,Middle Tier,2012-06-30,65083.45,1332,0.2455923894630662,WA
1467,1467,395078,"Seattle, WA",15,Middle Tier,2012-09-30,66027.78,1345,0.2444425664470318,WA
1468,1468,395078,"Seattle, WA",15,Middle Tier,2012-12-31,67310.07,1357,0.2419251681063472,WA
1469,1469,395078,"Seattle, WA",15,Middle Tier,2013-03-31,67766.8,1383,0.2448986819504535,WA
1470,1470,395078,"Seattle, WA",15,Middle Tier,2013-06-30,68134.85,1408,0.2479788243461312,WA
1471,1471,395078,"Seattle, WA",15,Middle Tier,2013-09-30,68088.03,1437,0.2532603748412166,WA
1472,1472,395078,"Seattle, WA",15,Middle Tier,2013-12-31,68581.86,1473,0.2577357919426507,WA
1473,1473,395078,"Seattle, WA",15,Middle Tier,2014-03-31,69548.22,1502,0.2591583220965252,WA
1474,1474,395078,"Seattle, WA",15,Middle Tier,2014-06-30,70619.75,1522,0.25862453492118,WA
1475,1475,395078,"Seattle, WA",15,Middle Tier,2014-09-30,72019.72,1552,0.2585958401393396,WA
1476,1476,395078,"Seattle, WA",15,Middle Tier,2014-12-31,73255.28,1581,0.2589847448538863,WA
1477,1477,395078,"Seattle, WA",15,Middle Tier,2015-03-31,74141.3,1606,0.2599360949969854,WA
1478,1478,395078,"Seattle, WA",15,Middle Tier,2015-06-30,75032.45,1624,0.2597276245144601,WA
1479,1479,395078,"Seattle, WA",15,Middle Tier,2015-09-30,75713.31,1660,0.2630977301084842,WA
1480,1480,395078,"Seattle, WA",15,Middle Tier,2015-12-31,76436.94,1683,0.264217798357705,WA
1481,1481,395078,"Seattle, WA",15,Middle Tier,2016-03-31,76896.9293352827,1723,0.268879397119349,WA
1482,1482,395078,"Seattle, WA",15,Middle Tier,2016-06-30,77356.9186705654,1765,0.2737958073304058,WA
1483,1483,394865,"Minneapolis-St Paul, MN",16,Middle Tier,2010-12-31,63334.86,1172,0.2220578051329078,MN
1484,1484,394865,"Minneapolis-St Paul, MN",16,Middle Tier,2011-03-31,63644.99,1180,0.2224841264017796,MN
1485,1485,394865,"Minneapolis-St Paul, MN",16,Middle Tier,2011-06-30,63787.71,1200,0.2257488158769142,MN
1486,1486,394865,"Minneapolis-St Paul, MN",16,Middle Tier,2011-09-30,63803.83,1225,0.2303936926670389,MN
1487,1487,394865,"Minneapolis-St Paul, MN",16,Middle Tier,2011-12-31,63737.8,1224,0.2304441006749527,MN
1488,1488,394865,"Minneapolis-St Paul, MN",16,Middle Tier,2012-03-31,64226.4,1222,0.228317327454131,MN
1489,1489,394865,"Minneapolis-St Paul, MN",16,Middle Tier,2012-06-30,64763.91,1221,0.2262371126141087,MN
1490,1490,394865,"Minneapolis-St Paul, MN",16,Middle Tier,2012-09-30,65672.16,1231,0.2249354977817084,MN
1491,1491,394865,"Minneapolis-St Paul, MN",16,Middle Tier,2012-12-31,66801.63,1254,0.2252639643673365,MN
1492,1492,394865,"Minneapolis-St Paul, MN",16,Middle Tier,2013-03-31,66967.86,1270,0.2275718531247676,MN
1493,1493,394865,"Minneapolis-St Paul, MN",16,Middle Tier,2013-06-30,67117.93,1275,0.2279569706634278,MN
1494,1494,394865,"Minneapolis-St Paul, MN",16,Middle Tier,2013-09-30,66875.72,1286,0.2307563940993831,MN
1495,1495,394865,"Minneapolis-St Paul, MN",16,Middle Tier,2013-12-31,67340.79,1296,0.23094472161672,MN
1496,1496,394865,"Minneapolis-St Paul, MN",16,Middle Tier,2014-03-31,67968.31,1301,0.2296952800503646,MN
1497,1497,394865,"Minneapolis-St Paul, MN",16,Middle Tier,2014-06-30,68705.15,1300,0.227057214779387,MN
1498,1498,394865,"Minneapolis-St Paul, MN",16,Middle Tier,2014-09-30,69547.66,1304,0.2249967863764215,MN
1499,1499,394865,"Minneapolis-St Paul, MN",16,Middle Tier,2014-12-31,70194.95,1311,0.2241186866006742,MN
1500,1500,394865,"Minneapolis-St Paul, MN",16,Middle Tier,2015-03-31,70638.05,1315,0.2233923501568913,MN
1501,1501,394865,"Minneapolis-St Paul, MN",16,Middle Tier,2015-06-30,70887.47,1327,0.2246377251155952,MN
1502,1502,394865,"Minneapolis-St Paul, MN",16,Middle Tier,2015-09-30,71075.04,1338,0.2259020888345613,MN
1503,1503,394865,"Minneapolis-St Paul, MN",16,Middle Tier,2015-12-31,71432.55,1333,0.2239315270139453,MN
1504,1504,394865,"Minneapolis-St Paul, MN",16,Middle Tier,2016-03-31,71952.2998834938,1355,0.2259830474679534,MN
1505,1505,394865,"Minneapolis-St Paul, MN",16,Middle Tier,2016-06-30,72472.0497669877,1367,0.226349331262772,MN
1506,1506,395056,"San Diego, CA",17,Middle Tier,2010-12-31,60706.08,1784,0.3526500146278593,CA
1507,1507,395056,"San Diego, CA",17,Middle Tier,2011-03-31,60836.9,1726,0.3404512721719877,CA
1508,1508,395056,"San Diego, CA",17,Middle Tier,2011-06-30,60910.18,1692,0.3333432933542471,CA
1509,1509,395056,"San Diego, CA",17,Middle Tier,2011-09-30,60808.81,1688,0.3331096267136291,CA
1510,1510,395056,"San Diego, CA",17,Middle Tier,2011-12-31,60269.65,1697,0.3378815042065118,CA
1511,1511,395056,"San Diego, CA",17,Middle Tier,2012-03-31,60261.94,1694,0.3373273412704602,CA
1512,1512,395056,"San Diego, CA",17,Middle Tier,2012-06-30,60267.76,1687,0.3359009858670705,CA
1513,1513,395056,"San Diego, CA",17,Middle Tier,2012-09-30,60908.18,1683,0.3315810782722452,CA
1514,1514,395056,"San Diego, CA",17,Middle Tier,2012-12-31,62481.89,1687,0.32399788162618,CA
1515,1515,395056,"San Diego, CA",17,Middle Tier,2013-03-31,62765.8,1709,0.3267384467337307,CA
1516,1516,395056,"San Diego, CA",17,Middle Tier,2013-06-30,63187.05,1728,0.328168509211935,CA
1517,1517,395056,"San Diego, CA",17,Middle Tier,2013-09-30,62662.1,1751,0.3353223080618109,CA
1518,1518,395056,"San Diego, CA",17,Middle Tier,2013-12-31,63280.52,1765,0.3347001573311977,CA
1519,1519,395056,"San Diego, CA",17,Middle Tier,2014-03-31,63915.37,1777,0.3336286717889609,CA
1520,1520,395056,"San Diego, CA",17,Middle Tier,2014-06-30,64693.34,1795,0.3329554479641954,CA
1521,1521,395056,"San Diego, CA",17,Middle Tier,2014-09-30,65437.48,1854,0.3399886425944275,CA
1522,1522,395056,"San Diego, CA",17,Middle Tier,2014-12-31,65997.9,1878,0.3414654102630539,CA
1523,1523,395056,"San Diego, CA",17,Middle Tier,2015-03-31,66532.5,1927,0.347559463420133,CA
1524,1524,395056,"San Diego, CA",17,Middle Tier,2015-06-30,67111.21,1982,0.3543968287861297,CA
1525,1525,395056,"San Diego, CA",17,Middle Tier,2015-09-30,67608.64,1997,0.3544517387126852,CA
1526,1526,395056,"San Diego, CA",17,Middle Tier,2015-12-31,68027.65,2011,0.3547381101654989,CA
1527,1527,395056,"San Diego, CA",17,Middle Tier,2016-03-31,68528.0819973351,2063,0.3612533618110412,CA
1528,1528,395056,"San Diego, CA",17,Middle Tier,2016-06-30,69028.5139946702,2103,0.3655880525249104,CA
1529,1529,395121,"St. Louis, MO",18,Middle Tier,2010-12-31,52038.83,916,0.2112268857697223,MO
1530,1530,395121,"St. Louis, MO",18,Middle Tier,2011-03-31,52097.07,919,0.2116817702031995,MO
1531,1531,395121,"St. Louis, MO",18,Middle Tier,2011-06-30,52022.86,935,0.2156744169774595,MO
1532,1532,395121,"St. Louis, MO",18,Middle Tier,2011-09-30,52136.71,920,0.2117509908085876,MO
1533,1533,395121,"St. Louis, MO",18,Middle Tier,2011-12-31,52135.97,911,0.2096824898433845,MO
1534,1534,395121,"St. Louis, MO",18,Middle Tier,2012-03-31,52488.64,923,0.2110170886500393,MO
1535,1535,395121,"St. Louis, MO",18,Middle Tier,2012-06-30,52789.57,920,0.2091322206261577,MO
1536,1536,395121,"St. Louis, MO",18,Middle Tier,2012-09-30,53255.61,916,0.2064007904519355,MO
1537,1537,395121,"St. Louis, MO",18,Middle Tier,2012-12-31,54154.54,917,0.20319626018428,MO
1538,1538,395121,"St. Louis, MO",18,Middle Tier,2013-03-31,54453.7,907,0.1998762251233616,MO
1539,1539,395121,"St. Louis, MO",18,Middle Tier,2013-06-30,54785.4,909,0.1991041408842501,MO
1540,1540,395121,"St. Louis, MO",18,Middle Tier,2013-09-30,54540.56,917,0.2017581044272373,MO
1541,1541,395121,"St. Louis, MO",18,Middle Tier,2013-12-31,54660.06,917,0.2013170128243547,MO
1542,1542,395121,"St. Louis, MO",18,Middle Tier,2014-03-31,54935.93,911,0.1989954479700262,MO
1543,1543,395121,"St. Louis, MO",18,Middle Tier,2014-06-30,55298.63,905,0.1963882287861381,MO
1544,1544,395121,"St. Louis, MO",18,Middle Tier,2014-09-30,55706.11,920,0.1981829282281602,MO
1545,1545,395121,"St. Louis, MO",18,Middle Tier,2014-12-31,56014.3,933,0.1998775312732641,MO
1546,1546,395121,"St. Louis, MO",18,Middle Tier,2015-03-31,56156.1,930,0.1987317495338885,MO
1547,1547,395121,"St. Louis, MO",18,Middle Tier,2015-06-30,56277.33,932,0.1987301103303941,MO
1548,1548,395121,"St. Louis, MO",18,Middle Tier,2015-09-30,56502.18,934,0.19836402772424,MO
1549,1549,395121,"St. Louis, MO",18,Middle Tier,2015-12-31,56997.75,929,0.1955866678947853,MO
1550,1550,395121,"St. Louis, MO",18,Middle Tier,2016-03-31,57391.7030882479,936,0.1957077311807458,MO
1551,1551,395121,"St. Louis, MO",18,Middle Tier,2016-06-30,57785.6561764959,935,0.194165831841219,MO
1552,1552,395148,"Tampa, FL",19,Middle Tier,2010-12-31,43875.2,972,0.2658449420173583,FL
1553,1553,395148,"Tampa, FL",19,Middle Tier,2011-03-31,43847.88,974,0.2665579270879231,FL
1554,1554,395148,"Tampa, FL",19,Middle Tier,2011-06-30,43752.14,963,0.264124223409415,FL
1555,1555,395148,"Tampa, FL",19,Middle Tier,2011-09-30,43902.73,957,0.2615782663173793,FL
1556,1556,395148,"Tampa, FL",19,Middle Tier,2011-12-31,44205.01,966,0.2622327197754281,FL
1557,1557,395148,"Tampa, FL",19,Middle Tier,2012-03-31,44311.87,970,0.262683565374244,FL
1558,1558,395148,"Tampa, FL",19,Middle Tier,2012-06-30,44416.0,974,0.2631484149855908,FL
1559,1559,395148,"Tampa, FL",19,Middle Tier,2012-09-30,44611.14,981,0.2638802774374293,FL
1560,1560,395148,"Tampa, FL",19,Middle Tier,2012-12-31,45479.72,989,0.260951474635288,FL
1561,1561,395148,"Tampa, FL",19,Middle Tier,2013-03-31,45650.38,990,0.2602387975740837,FL
1562,1562,395148,"Tampa, FL",19,Middle Tier,2013-06-30,45865.49,1001,0.2618962535884823,FL
1563,1563,395148,"Tampa, FL",19,Middle Tier,2013-09-30,45552.84,1027,0.2705429562679297,FL
1564,1564,395148,"Tampa, FL",19,Middle Tier,2013-12-31,45806.57,1050,0.2750697116156045,FL
1565,1565,395148,"Tampa, FL",19,Middle Tier,2014-03-31,46303.14,1050,0.2721197741665036,FL
1566,1566,395148,"Tampa, FL",19,Middle Tier,2014-06-30,46922.88,1061,0.2713388436515406,FL
1567,1567,395148,"Tampa, FL",19,Middle Tier,2014-09-30,47590.4,1082,0.2728281334050564,FL
1568,1568,395148,"Tampa, FL",19,Middle Tier,2014-12-31,48074.07,1096,0.2735778352030523,FL
1569,1569,395148,"Tampa, FL",19,Middle Tier,2015-03-31,48490.78,1107,0.2739489857659538,FL
1570,1570,395148,"Tampa, FL",19,Middle Tier,2015-06-30,48838.02,1131,0.2778982440320062,FL
1571,1571,395148,"Tampa, FL",19,Middle Tier,2015-09-30,49073.46,1140,0.2787657524046603,FL
1572,1572,395148,"Tampa, FL",19,Middle Tier,2015-12-31,49241.35,1141,0.2780589890407147,FL
1573,1573,395148,"Tampa, FL",19,Middle Tier,2016-03-31,49438.549693855,1180,0.2864161689144378,FL
1574,1574,395148,"Tampa, FL",19,Middle Tier,2016-06-30,49635.7493877099,1197,0.2893881965556988,FL
1575,1575,394358,"Baltimore, MD",20,Middle Tier,2010-12-31,65373.8,1453,0.2667123526550392,MD
1576,1576,394358,"Baltimore, MD",20,Middle Tier,2011-03-31,65508.03,1474,0.2700126992064942,MD
1577,1577,394358,"Baltimore, MD",20,Middle Tier,2011-06-30,65597.57,1489,0.2723881387679452,MD
1578,1578,394358,"Baltimore, MD",20,Middle Tier,2011-09-30,65812.22,1498,0.2731407632199613,MD
1579,1579,394358,"Baltimore, MD",20,Middle Tier,2011-12-31,66075.38,1515,0.2751403018794595,MD
1580,1580,394358,"Baltimore, MD",20,Middle Tier,2012-03-31,66373.38,1517,0.2742665809696598,MD
1581,1581,394358,"Baltimore, MD",20,Middle Tier,2012-06-30,66417.8,1514,0.2735411290346864,MD
1582,1582,394358,"Baltimore, MD",20,Middle Tier,2012-09-30,66946.77,1523,0.2729930062346548,MD
1583,1583,394358,"Baltimore, MD",20,Middle Tier,2012-12-31,68114.65,1530,0.2695455382946253,MD
1584,1584,394358,"Baltimore, MD",20,Middle Tier,2013-03-31,68660.42,1536,0.2684516057431633,MD
1585,1585,394358,"Baltimore, MD",20,Middle Tier,2013-06-30,69056.32,1546,0.2686502842896928,MD
1586,1586,394358,"Baltimore, MD",20,Middle Tier,2013-09-30,68915.21,1566,0.2726829099120499,MD
1587,1587,394358,"Baltimore, MD",20,Middle Tier,2013-12-31,69259.1,1584,0.2744476899064527,MD
1588,1588,394358,"Baltimore, MD",20,Middle Tier,2014-03-31,69778.51,1593,0.2739525392559973,MD
1589,1589,394358,"Baltimore, MD",20,Middle Tier,2014-06-30,70564.18,1595,0.271242434901107,MD
1590,1590,394358,"Baltimore, MD",20,Middle Tier,2014-09-30,71263.81,1598,0.2690846868838474,MD
1591,1591,394358,"Baltimore, MD",20,Middle Tier,2014-12-31,71693.65,1597,0.2673040080955566,MD
1592,1592,394358,"Baltimore, MD",20,Middle Tier,2015-03-31,72072.12,1592,0.2650678237298972,MD
1593,1593,394358,"Baltimore, MD",20,Middle Tier,2015-06-30,72330.19,1591,0.263956170998583,MD
1594,1594,394358,"Baltimore, MD",20,Middle Tier,2015-09-30,72621.7,1594,0.2633923469155913,MD
1595,1595,394358,"Baltimore, MD",20,Middle Tier,2015-12-31,73057.06,1592,0.261494234780321,MD
1596,1596,394358,"Baltimore, MD",20,Middle Tier,2016-03-31,73349.6358507016,1601,0.2619235907197246,MD
1597,1597,394358,"Baltimore, MD",20,Middle Tier,2016-06-30,73642.2117014031,1603,0.2612088848987339,MD
1598,1598,394530,"Denver, CO",21,Middle Tier,2010-12-31,59078.28,1075,0.2183543596733012,CO
1599,1599,394530,"Denver, CO",21,Middle Tier,2011-03-31,59443.08,1096,0.2212536766264466,CO
1600,1600,394530,"Denver, CO",21,Middle Tier,2011-06-30,59683.69,1107,0.2225733697095471,CO
1601,1601,394530,"Denver, CO",21,Middle Tier,2011-09-30,60006.97,1132,0.2263737029215106,CO
1602,1602,394530,"Denver, CO",21,Middle Tier,2011-12-31,60086.31,1152,0.2300690456777925,CO
1603,1603,394530,"Denver, CO",21,Middle Tier,2012-03-31,60382.52,1166,0.2317226906064868,CO
1604,1604,394530,"Denver, CO",21,Middle Tier,2012-06-30,60693.23,1178,0.2329090081381399,CO
1605,1605,394530,"Denver, CO",21,Middle Tier,2012-09-30,61182.61,1193,0.2339880564101466,CO
1606,1606,394530,"Denver, CO",21,Middle Tier,2012-12-31,62332.45,1207,0.2323669292639708,CO
1607,1607,394530,"Denver, CO",21,Middle Tier,2013-03-31,62963.85,1219,0.2323237857913707,CO
1608,1608,394530,"Denver, CO",21,Middle Tier,2013-06-30,63760.53,1244,0.2341260337704219,CO
1609,1609,394530,"Denver, CO",21,Middle Tier,2013-09-30,63821.34,1268,0.2384155519141403,CO
1610,1610,394530,"Denver, CO",21,Middle Tier,2013-12-31,64230.81,1295,0.2419399661937939,CO
1611,1611,394530,"Denver, CO",21,Middle Tier,2014-03-31,65019.02,1319,0.2434364590545966,CO
1612,1612,394530,"Denver, CO",21,Middle Tier,2014-06-30,65897.74,1332,0.2425576355122345,CO
1613,1613,394530,"Denver, CO",21,Middle Tier,2014-09-30,67155.3,1363,0.2435548646197693,CO
1614,1614,394530,"Denver, CO",21,Middle Tier,2014-12-31,68486.39,1420,0.2488085588976145,CO
1615,1615,394530,"Denver, CO",21,Middle Tier,2015-03-31,69312.92,1472,0.2548442628012209,CO
1616,1616,394530,"Denver, CO",21,Middle Tier,2015-06-30,70153.79,1502,0.2569212582812704,CO
1617,1617,394530,"Denver, CO",21,Middle Tier,2015-09-30,70600.2,1547,0.2629454307494879,CO
1618,1618,394530,"Denver, CO",21,Middle Tier,2015-12-31,71063.16,1560,0.2634276325454708,CO
1619,1619,394530,"Denver, CO",21,Middle Tier,2016-03-31,71585.9221282779,1582,0.2651918063719533,CO
1620,1620,394530,"Denver, CO",21,Middle Tier,2016-06-30,72108.6842565558,1600,0.2662647390942294,CO
1621,1621,394982,"Pittsburgh, PA",22,Middle Tier,2010-12-31,47871.38,1046,0.2622025937000354,PA
1622,1622,394982,"Pittsburgh, PA",22,Middle Tier,2011-03-31,48240.79,934,0.2323345036430788,PA
1623,1623,394982,"Pittsburgh, PA",22,Middle Tier,2011-06-30,48518.87,867,0.2144320343816746,PA
1624,1624,394982,"Pittsburgh, PA",22,Middle Tier,2011-09-30,48851.53,844,0.2073220634031319,PA
1625,1625,394982,"Pittsburgh, PA",22,Middle Tier,2011-12-31,49112.58,828,0.2023106910693757,PA
1626,1626,394982,"Pittsburgh, PA",22,Middle Tier,2012-03-31,49495.92,886,0.2148055839754064,PA
1627,1627,394982,"Pittsburgh, PA",22,Middle Tier,2012-06-30,49840.74,919,0.2212647725535375,PA
1628,1628,394982,"Pittsburgh, PA",22,Middle Tier,2012-09-30,50376.76,902,0.214860979546918,PA
1629,1629,394982,"Pittsburgh, PA",22,Middle Tier,2012-12-31,51131.9,906,0.212626559936165,PA
1630,1630,394982,"Pittsburgh, PA",22,Middle Tier,2013-03-31,51248.6,919,0.2151863660665852,PA
1631,1631,394982,"Pittsburgh, PA",22,Middle Tier,2013-06-30,51429.7,941,0.21956184850388,PA
1632,1632,394982,"Pittsburgh, PA",22,Middle Tier,2013-09-30,51232.96,965,0.2260263705239751,PA
1633,1633,394982,"Pittsburgh, PA",22,Middle Tier,2013-12-31,51519.77,997,0.2322215335976849,PA
1634,1634,394982,"Pittsburgh, PA",22,Middle Tier,2014-03-31,51834.71,1044,0.2416913299987595,PA
1635,1635,394982,"Pittsburgh, PA",22,Middle Tier,2014-06-30,52288.67,1059,0.243035441521079,PA
1636,1636,394982,"Pittsburgh, PA",22,Middle Tier,2014-09-30,52813.83,1072,0.2435725642317552,PA
1637,1637,394982,"Pittsburgh, PA",22,Middle Tier,2014-12-31,53280.35,1073,0.2416650791520701,PA
1638,1638,394982,"Pittsburgh, PA",22,Middle Tier,2015-03-31,53610.05,1057,0.2365974290268335,PA
1639,1639,394982,"Pittsburgh, PA",22,Middle Tier,2015-06-30,53881.48,1049,0.2336238722470132,PA
1640,1640,394982,"Pittsburgh, PA",22,Middle Tier,2015-09-30,54170.43,1095,0.2425677625228376,PA
1641,1641,394982,"Pittsburgh, PA",22,Middle Tier,2015-12-31,54658.58,1092,0.2397427814626724,PA
1642,1642,394982,"Pittsburgh, PA",22,Middle Tier,2016-03-31,54970.7534289599,1102,0.2405642850991611,PA
1643,1643,394982,"Pittsburgh, PA",22,Middle Tier,2016-06-30,55282.9268579198,1106,0.2400741197026304,PA
1644,1644,394998,"Portland, OR",23,Middle Tier,2010-12-31,54293.85,1112,0.2457736926005431,OR
1645,1645,394998,"Portland, OR",23,Middle Tier,2011-03-31,54591.21,1100,0.2417971684452497,OR
1646,1646,394998,"Portland, OR",23,Middle Tier,2011-06-30,54847.85,1098,0.2402281949064548,OR
1647,1647,394998,"Portland, OR",23,Middle Tier,2011-09-30,55177.48,1110,0.2414028331848428,OR
1648,1648,394998,"Portland, OR",23,Middle Tier,2011-12-31,55351.9,1128,0.2445444510486541,OR
1649,1649,394998,"Portland, OR",23,Middle Tier,2012-03-31,55954.11,1151,0.2468451379174827,OR
1650,1650,394998,"Portland, OR",23,Middle Tier,2012-06-30,56633.29,1167,0.2472750567731452,OR
1651,1651,394998,"Portland, OR",23,Middle Tier,2012-09-30,57357.95,1174,0.2456154726589775,OR
1652,1652,394998,"Portland, OR",23,Middle Tier,2012-12-31,58146.14,1173,0.2420796978096912,OR
1653,1653,394998,"Portland, OR",23,Middle Tier,2013-03-31,58397.59,1193,0.2451471028170854,OR
1654,1654,394998,"Portland, OR",23,Middle Tier,2013-06-30,58764.04,1209,0.2468856804263287,OR
1655,1655,394998,"Portland, OR",23,Middle Tier,2013-09-30,58811.56,1226,0.2501549015193611,OR
1656,1656,394998,"Portland, OR",23,Middle Tier,2013-12-31,59218.94,1249,0.253094702471878,OR
1657,1657,394998,"Portland, OR",23,Middle Tier,2014-03-31,59854.2,1255,0.2516114157402488,OR
1658,1658,394998,"Portland, OR",23,Middle Tier,2014-06-30,60639.28,1259,0.2491454384023029,OR
1659,1659,394998,"Portland, OR",23,Middle Tier,2014-09-30,61570.29,1297,0.2527842568225681,OR
1660,1660,394998,"Portland, OR",23,Middle Tier,2014-12-31,62289.06,1340,0.258151270865221,OR
1661,1661,394998,"Portland, OR",23,Middle Tier,2015-03-31,62933.74,1367,0.2606550953431339,OR
1662,1662,394998,"Portland, OR",23,Middle Tier,2015-06-30,63516.83,1397,0.2639300481462944,OR
1663,1663,394998,"Portland, OR",23,Middle Tier,2015-09-30,64184.08,1433,0.267916904004856,OR
1664,1664,394998,"Portland, OR",23,Middle Tier,2015-12-31,64765.09,1462,0.2708866767574939,OR
1665,1665,394998,"Portland, OR",23,Middle Tier,2016-03-31,65241.5216178243,1510,0.2777372377386355,OR
1666,1666,394998,"Portland, OR",23,Middle Tier,2016-06-30,65717.9532356487,1550,0.2830276824554303,OR
1667,1667,394458,"Charlotte, NC",24,Middle Tier,2010-12-31,49670.23,948,0.2290305480767856,NC
1668,1668,394458,"Charlotte, NC",24,Middle Tier,2011-03-31,49976.32,953,0.2288283731175084,NC
1669,1669,394458,"Charlotte, NC",24,Middle Tier,2011-06-30,50320.46,958,0.2284557812070875,NC
1670,1670,394458,"Charlotte, NC",24,Middle Tier,2011-09-30,50416.83,966,0.2299232220669169,NC
1671,1671,394458,"Charlotte, NC",24,Middle Tier,2011-12-31,49959.04,976,0.2344320467326834,NC
1672,1672,394458,"Charlotte, NC",24,Middle Tier,2012-03-31,50080.26,992,0.2376984464537524,NC
1673,1673,394458,"Charlotte, NC",24,Middle Tier,2012-06-30,50267.28,1010,0.2411111164160861,NC
1674,1674,394458,"Charlotte, NC",24,Middle Tier,2012-09-30,51015.79,1022,0.2403961596987913,NC
1675,1675,394458,"Charlotte, NC",24,Middle Tier,2012-12-31,52043.22,1037,0.2391089559792802,NC
1676,1676,394458,"Charlotte, NC",24,Middle Tier,2013-03-31,52300.96,1039,0.2383895056610815,NC
1677,1677,394458,"Charlotte, NC",24,Middle Tier,2013-06-30,52472.21,1055,0.2412705696977504,NC
1678,1678,394458,"Charlotte, NC",24,Middle Tier,2013-09-30,52117.09,1079,0.2484405787046053,NC
1679,1679,394458,"Charlotte, NC",24,Middle Tier,2013-12-31,52104.14,1090,0.2510357142445878,NC
1680,1680,394458,"Charlotte, NC",24,Middle Tier,2014-03-31,52454.97,1087,0.2486704310382791,NC
1681,1681,394458,"Charlotte, NC",24,Middle Tier,2014-06-30,52905.47,1076,0.2440579395665514,NC
1682,1682,394458,"Charlotte, NC",24,Middle Tier,2014-09-30,53513.24,1089,0.2442012481397127,NC
1683,1683,394458,"Charlotte, NC",24,Middle Tier,2014-12-31,53974.7,1110,0.2467822887389832,NC
1684,1684,394458,"Charlotte, NC",24,Middle Tier,2015-03-31,54358.48,1137,0.2510003958903928,NC
1685,1685,394458,"Charlotte, NC",24,Middle Tier,2015-06-30,54699.84,1155,0.2533828252514084,NC
1686,1686,394458,"Charlotte, NC",24,Middle Tier,2015-09-30,54994.64,1167,0.2546429979357988,NC
1687,1687,394458,"Charlotte, NC",24,Middle Tier,2015-12-31,55290.49,1166,0.2530634110857039,NC
1688,1688,394458,"Charlotte, NC",24,Middle Tier,2016-03-31,55511.9150360945,1180,0.2550803731197708,NC
1689,1689,394458,"Charlotte, NC",24,Middle Tier,2016-06-30,55733.3400721889,1193,0.2568659976498291,NC
1690,1690,395045,"Sacramento, CA",25,Middle Tier,2010-12-31,55976.22,1110,0.2379581901028686,CA
1691,1691,395045,"Sacramento, CA",25,Middle Tier,2011-03-31,56144.28,1112,0.2376733658353086,CA
1692,1692,395045,"Sacramento, CA",25,Middle Tier,2011-06-30,56246.48,1097,0.234041312451908,CA
1693,1693,395045,"Sacramento, CA",25,Middle Tier,2011-09-30,56177.33,1096,0.2341157901238809,CA
1694,1694,395045,"Sacramento, CA",25,Middle Tier,2011-12-31,55692.7,1106,0.2383077135782607,CA
1695,1695,395045,"Sacramento, CA",25,Middle Tier,2012-03-31,55696.32,1105,0.2380767706017201,CA
1696,1696,395045,"Sacramento, CA",25,Middle Tier,2012-06-30,55715.69,1097,0.2362709678368876,CA
1697,1697,395045,"Sacramento, CA",25,Middle Tier,2012-09-30,56272.37,1092,0.2328673912259249,CA
1698,1698,395045,"Sacramento, CA",25,Middle Tier,2012-12-31,57639.32,1097,0.2283857616640862,CA
1699,1699,395045,"Sacramento, CA",25,Middle Tier,2013-03-31,57828.07,1105,0.2293004072243808,CA
1700,1700,395045,"Sacramento, CA",25,Middle Tier,2013-06-30,58135.52,1117,0.230564721877434,CA
1701,1701,395045,"Sacramento, CA",25,Middle Tier,2013-09-30,57624.68,1132,0.2357323285786576,CA
1702,1702,395045,"Sacramento, CA",25,Middle Tier,2013-12-31,58217.31,1148,0.2366306516051669,CA
1703,1703,395045,"Sacramento, CA",25,Middle Tier,2014-03-31,58817.22,1149,0.2344211440119067,CA
1704,1704,395045,"Sacramento, CA",25,Middle Tier,2014-06-30,59551.07,1167,0.2351595025916411,CA
1705,1705,395045,"Sacramento, CA",25,Middle Tier,2014-09-30,60350.62,1194,0.2374126396713074,CA
1706,1706,395045,"Sacramento, CA",25,Middle Tier,2014-12-31,61086.81,1209,0.2374980785541101,CA
1707,1707,395045,"Sacramento, CA",25,Middle Tier,2015-03-31,61785.82,1222,0.2373360101071734,CA
1708,1708,395045,"Sacramento, CA",25,Middle Tier,2015-06-30,62537.02,1257,0.2412011317456444,CA
1709,1709,395045,"Sacramento, CA",25,Middle Tier,2015-09-30,63189.06,1283,0.2436497710204899,CA
1710,1710,395045,"Sacramento, CA",25,Middle Tier,2015-12-31,63740.22,1294,0.2436138438179221,CA
1711,1711,395045,"Sacramento, CA",25,Middle Tier,2016-03-31,64209.1123636959,1324,0.2474415143758184,CA
1712,1712,395045,"Sacramento, CA",25,Middle Tier,2016-06-30,64678.0047273919,1350,0.2504715485315382,CA
